2026-09-13 09:31:08,239 - freqtrade.loggers - INFO - Enabling colorized output.
2026-09-13 09:31:08,239 - freqtrade.loggers - INFO - Logfile configured
2026-09-13 09:31:08,240 - freqtrade.loggers - INFO - Verbosity set to 0
2026-09-13 09:31:08,240 - freqtrade.configuration.configuration - INFO - Runmode set to dry_run.
2026-09-13 09:31:08,241 - freqtrade.configuration.configuration - INFO - Using additional Strategy lookup path: /home/runner/workspace/bot/strategies
2026-09-13 09:31:08,241 - freqtrade.configuration.configuration - INFO - Dry run is enabled
2026-09-13 09:31:08,241 - freqtrade.configuration.configuration - INFO - Using DB: "sqlite:///tradesv3.dryrun.sqlite"
2026-09-13 09:31:08,242 - freqtrade.configuration.configuration - INFO - Using max_open_trades: 1 ...
2026-09-13 09:31:08,242 - freqtrade.configuration.configuration - INFO - Using user-data directory: /home/runner/workspace/bot/user_data ...
2026-09-13 09:31:08,243 - freqtrade.configuration.directory_operations - INFO - Created data directory: None
2026-09-13 09:31:08,243 - freqtrade.configuration.configuration - INFO - Using data directory: /home/runner/workspace/bot/user_data/data/okx ...
2026-09-13 09:31:08,244 - freqtrade.exchange.check_exchange - INFO - Checking exchange...
2026-09-13 09:31:08,251 - freqtrade.exchange.check_exchange - INFO - Exchange "okx" is officially supported by the Freqtrade development team.
2026-09-13 09:31:08,252 - freqtrade.configuration.configuration - INFO - Using pairlist from configuration.
2026-09-13 09:31:08,253 - freqtrade.exchange.exchange - INFO - Instance is running with dry_run enabled
2026-09-13 09:31:08,253 - freqtrade.exchange.exchange - INFO - Using CCXT 4.5.78
2026-09-13 09:31:08,253 - freqtrade.exchange.exchange - INFO - Applying additional ccxt config: {'options': {'defaultType': 'spot'}}
2026-09-13 09:31:08,259 - freqtrade.exchange.exchange - INFO - Applying additional ccxt config: {'options': {'defaultType': 'spot'}}
2026-09-13 09:31:08,265 - freqtrade.exchange.exchange - INFO - Applying additional ccxt config: {'options': {'defaultType': 'spot'}}
2026-09-13 09:31:08,271 - freqtrade.exchange.exchange - INFO - Using Exchange "OKX"
2026-09-13 09:31:09,377 - freqtrade.resolvers.exchange_resolver - INFO - Using resolved exchange class 'Okx' ...
2026-09-13 09:31:09,382 - freqtrade.resolvers.iresolver - INFO - Using resolved strategy AIRSIAlgoStrategy from '/home/runner/workspace/bot/strategies/AIRSIAlgoStrategy.py'...
2026-09-13 09:31:09,383 - freqtrade.strategy.hyper - INFO - Found no parameter file.
2026-09-13 09:31:09,384 - freqtrade.resolvers.strategy_resolver - INFO - Override strategy 'order_types' with value from the configuration: {'entry': 'limit', 'exit': 'limit', 'emergency_exit': 'market', 'force_entry': 'market', 'force_exit': 'market', 'stoploss': 'limit', 'stoploss_on_exchange': False}.
2026-09-13 09:31:09,384 - freqtrade.resolvers.strategy_resolver - INFO - Override strategy 'stake_currency' with value from the configuration: USDT.
2026-09-13 09:31:09,385 - freqtrade.resolvers.strategy_resolver - INFO - Override strategy 'stake_amount' with value from the configuration: 5.
2026-09-13 09:31:09,386 - freqtrade.resolvers.strategy_resolver - INFO - Override strategy 'unfilledtimeout' with value from the configuration: {'entry': 10, 'exit': 30, 'unit': 'minutes'}.
2026-09-13 09:31:09,386 - freqtrade.resolvers.strategy_resolver - INFO - Override strategy 'max_open_trades' with value from the configuration: 1.
2026-09-13 09:31:09,387 - freqtrade.resolvers.strategy_resolver - INFO - Strategy using minimal_roi: {'0': 0.02, '45': 0.01, '180': 0.005}
2026-09-13 09:31:09,387 - freqtrade.resolvers.strategy_resolver - INFO - Strategy using timeframe: 1h
2026-09-13 09:31:09,387 - freqtrade.resolvers.strategy_resolver - INFO - Strategy using stoploss: -0.02
2026-09-13 09:31:09,390 - freqtrade.resolvers.strategy_resolver - INFO - Strategy using trailing_stop: True
2026-09-13 09:31:09,390 - freqtrade.resolvers.strategy_resolver - INFO - Strategy using trailing_stop_positive: 0.008
2026-09-13 09:31:09,391 - freqtrade.resolvers.strategy_resolver - INFO - Strategy using trailing_stop_positive_offset: 0.015
2026-09-13 09:31:09,391 - freqtrade.resolvers.strategy_resolver - INFO - Strategy using trailing_only_offset_is_reached: True
2026-09-13 09:31:09,391 - freqtrade.resolvers.strategy_resolver - INFO - Strategy using use_custom_stoploss: False
2026-09-13 09:31:09,392 - freqtrade.resolvers.strategy_resolver - INFO - Strategy using process_only_new_candles: True
2026-09-13 09:31:09,396 - freqtrade.resolvers.strategy_resolver - INFO - Strategy using order_types: {'entry': 'limit', 'exit': 'limit', 'emergency_exit': 'market', 'force_entry': 'market', 'force_exit': 'market', 'stoploss': 'limit', 'stoploss_on_exchange': False}
2026-09-13 09:31:09,396 - freqtrade.resolvers.strategy_resolver - INFO - Strategy using order_time_in_force: {'entry': 'GTC', 'exit': 'GTC'}
2026-09-13 09:31:09,396 - freqtrade.resolvers.strategy_resolver - INFO - Strategy using stake_currency: USDT
2026-09-13 09:31:09,397 - freqtrade.resolvers.strategy_resolver - INFO - Strategy using stake_amount: 5
2026-09-13 09:31:09,397 - freqtrade.resolvers.strategy_resolver - INFO - Strategy using startup_candle_count: 240
2026-09-13 09:31:09,397 - freqtrade.resolvers.strategy_resolver - INFO - Strategy using unfilledtimeout: {'entry': 10, 'exit': 30, 'unit': 'minutes'}
2026-09-13 09:31:09,397 - freqtrade.resolvers.strategy_resolver - INFO - Strategy using use_exit_signal: True
2026-09-13 09:31:09,398 - freqtrade.resolvers.strategy_resolver - INFO - Strategy using exit_profit_only: False
2026-09-13 09:31:09,398 - freqtrade.resolvers.strategy_resolver - INFO - Strategy using ignore_roi_if_entry_signal: False
2026-09-13 09:31:09,398 - freqtrade.resolvers.strategy_resolver - INFO - Strategy using exit_profit_offset: 0.0
2026-09-13 09:31:09,398 - freqtrade.resolvers.strategy_resolver - INFO - Strategy using disable_dataframe_checks: False
2026-09-13 09:31:09,399 - freqtrade.resolvers.strategy_resolver - INFO - Strategy using ignore_buying_expired_candle_after: 0
2026-09-13 09:31:09,399 - freqtrade.resolvers.strategy_resolver - INFO - Strategy using position_adjustment_enable: False
2026-09-13 09:31:09,399 - freqtrade.resolvers.strategy_resolver - INFO - Strategy using max_entry_position_adjustment: -1
2026-09-13 09:31:09,400 - freqtrade.resolvers.strategy_resolver - INFO - Strategy using max_open_trades: 1
2026-09-13 09:31:09,400 - freqtrade.configuration.config_validation - INFO - Validating configuration ...
2026-09-13 09:31:09,839 - freqtrade.wallets - INFO - Wallets synced.
2026-09-13 09:31:09,922 - freqtrade.rpc.rpc_manager - INFO - Enabling rpc.telegram ...
2026-09-13 09:31:10,334 - freqtrade.rpc.rpc_manager - INFO - Enabling rpc.api_server
2026-09-13 09:31:10,512 - freqtrade.rpc.telegram - INFO - rpc.telegram is listening for following commands: [['status'], ['profit'], ['balance'], ['start'], ['stop'], ['forceexit', 'forcesell', 'fx'], ['forcebuy', 'forcelong'], ['forceshort'], ['reload_trade'], ['trades'], ['delete'], ['cancel_open_order', 'coo'], ['performance'], ['buys', 'entries'], ['exits', 'sells'], ['mix_tags'], ['stats'], ['daily'], ['weekly'], ['monthly'], ['count'], ['locks'], ['delete_locks', 'unlock'], ['reload_conf', 'reload_config'], ['show_conf', 'show_config'], ['pause', 'stopbuy', 'stopentry'], ['whitelist'], ['blacklist'], ['bl_delete', 'blacklist_delete'], ['logs'], ['health'], ['help'], ['version'], ['marketdir'], ['order'], ['list_custom_data'], ['tg_info'], ['profit_long'], ['profit_short']]
2026-09-13 09:31:10,626 - freqtrade.rpc.api_server.webserver - INFO - Starting HTTP Server at 0.0.0.0:8080
2026-09-13 09:31:10,627 - freqtrade.rpc.api_server.webserver - WARNING - SECURITY WARNING - Local Rest Server listening to external connections
2026-09-13 09:31:10,627 - freqtrade.rpc.api_server.webserver - WARNING - SECURITY WARNING - This is insecure please set to your loopback,e.g 127.0.0.1 in config.json
2026-09-13 09:31:10,628 - freqtrade.rpc.api_server.webserver - INFO - Starting Local Rest Server.
2026-09-13 09:31:10,960 - uvicorn.error - INFO - Started server process [11190]
2026-09-13 09:31:10,961 - uvicorn.error - INFO - Waiting for application startup.
2026-09-13 09:31:10,962 - uvicorn.error - INFO - Application startup complete.
2026-09-13 09:31:10,963 - uvicorn.error - INFO - Uvicorn running on http://0.0.0.0:8080 (Press CTRL+C to quit)
2026-09-13 09:31:10,981 - freqtrade.resolvers.iresolver - INFO - Using resolved pairlist StaticPairList from '/home/runner/workspace/venv/lib/python3.14/site-packages/freqtrade/plugins/pairlist/StaticPairList.py'...
2026-09-13 09:31:10,981 - freqtrade.freqtradebot - INFO - Starting initial pairlist refresh
2026-09-13 09:31:10,993 - freqtrade.plugins.pairlistmanager - INFO - Whitelist with 1 pairs: ['BTC/USDT']
2026-09-13 09:31:10,994 - freqtrade.freqtradebot - INFO - Initial Pairlist refresh took 0.01s
2026-09-13 09:31:10,995 - freqtrade.strategy.hyper - INFO - No params for buy found, using default values.
2026-09-13 09:31:10,996 - freqtrade.strategy.hyper - INFO - Strategy Parameter(default): bb_std = 2.0
2026-09-13 09:31:10,996 - freqtrade.strategy.hyper - INFO - Strategy Parameter(default): rsi_oversold = 34
2026-09-13 09:31:10,996 - freqtrade.strategy.hyper - INFO - No params for sell found, using default values.
2026-09-13 09:31:10,997 - freqtrade.strategy.hyper - INFO - Strategy Parameter(default): rsi_overbought = 68
2026-09-13 09:31:11,002 - freqtrade.resolvers.iresolver - INFO - Using resolved protection StoplossGuard from '/home/runner/workspace/venv/lib/python3.14/site-packages/freqtrade/plugins/protections/stoploss_guard.py'...
2026-09-13 09:31:11,005 - freqtrade.resolvers.iresolver - INFO - Using resolved protection MaxDrawdown from '/home/runner/workspace/venv/lib/python3.14/site-packages/freqtrade/plugins/protections/max_drawdown_protection.py'...
2026-09-13 09:31:11,006 - freqtrade.resolvers.iresolver - INFO - Using resolved protection CooldownPeriod from '/home/runner/workspace/venv/lib/python3.14/site-packages/freqtrade/plugins/protections/cooldown_period.py'...
2026-09-13 09:31:11,007 - freqtrade.rpc.rpc_manager - INFO - Sending rpc message: {'type': status, 'status': 'running'}
2026-09-13 09:31:11,007 - freqtrade.worker - INFO - Changing state to: RUNNING
2026-09-13 09:31:11,014 - freqtrade.util.migrations.migrate_wallet_history - INFO - Starting wallet history migration...
2026-09-13 09:31:11,025 - freqtrade.util.migrations.migrate_wallet_history - INFO - Wallet history migration completed.
2026-09-13 09:31:11,066 - freqtrade.rpc.rpc_manager - INFO - Sending rpc message: {'type': warning, 'status': 'Dry run is enabled. All trades are simulated.'}
2026-09-13 09:31:11,067 - freqtrade.rpc.rpc_manager - INFO - Sending rpc message: {'type': startup, 'status': "*Exchange:* `okx`\n*Stake per trade:* `5 USDT`\n*Minimum ROI:* `{'0': 0.02, '45': 0.01, '180': 0.005}`\n*Trailing Stoploss:* `-0.02`\n*Position adjustment:* `Off`\n*Timeframe:* `1h`\n*Strategy:* `AIRSIAlgoStrategy`"}
2026-09-13 09:31:11,069 - freqtrade.rpc.rpc_manager - INFO - Sending rpc message: {'type': startup, 'status': "Searching for USDT pairs to buy and sell based on [{'StaticPairList': 'StaticPairList'}]"}
2026-09-13 09:31:11,071 - freqtrade.rpc.rpc_manager - INFO - Sending rpc message: {'type': startup, 'status': 'Using Protections: \nStoplossGuard - Frequent Stoploss Guard, 3 stoplosses with profit < 0.00% within 96 candles.\nMaxDrawdown - Max drawdown protection, stop trading if drawdown is > 0.1 within 192 candles.\nCooldownPeriod - Cooldown period for 4 candles.'}
2026-09-13 09:31:11,339 - telegram.ext.Application - INFO - Application started
2026-09-13 09:31:16,076 - freqtrade.worker - INFO - Bot heartbeat. PID=11190, version='2026.7', state='RUNNING'
2026-09-13 09:32:16,081 - freqtrade.worker - INFO - Bot heartbeat. PID=11190, version='2026.7', state='RUNNING'
2026-09-13 09:33:16,086 - freqtrade.worker - INFO - Bot heartbeat. PID=11190, version='2026.7', state='RUNNING'
2026-09-13 09:34:16,089 - freqtrade.worker - INFO - Bot heartbeat. PID=11190, version='2026.7', state='RUNNING'
2026-09-13 09:35:16,094 - freqtrade.worker - INFO - Bot heartbeat. PID=11190, version='2026.7', state='RUNNING'
2026-09-13 09:35:41,502 - freqtrade.commands.trade_commands - INFO - worker found ... calling exit
2026-09-13 09:35:41,506 - freqtrade.rpc.rpc_manager - INFO - Sending rpc message: {'type': status, 'status': 'process died'}
2026-09-13 09:35:41,507 - freqtrade.freqtradebot - INFO - Cleaning up modules ...
2026-09-13 09:35:41,514 - freqtrade.rpc.rpc_manager - INFO - Cleaning up rpc modules ...
2026-09-13 09:35:41,515 - freqtrade.rpc.rpc_manager - INFO - Cleaning up rpc.apiserver ...
2026-09-13 09:35:41,517 - freqtrade.rpc.api_server.webserver - INFO - Stopping API Server
2026-09-13 09:35:41,565 - uvicorn.error - INFO - Shutting down
2026-09-13 09:35:41,666 - uvicorn.error - INFO - Waiting for application shutdown.
2026-09-13 09:35:41,670 - uvicorn.error - INFO - Application shutdown complete.
2026-09-13 09:35:41,671 - uvicorn.error - INFO - Finished server process [11190]
2026-09-13 09:35:41,672 - freqtrade.rpc.rpc_manager - INFO - Cleaning up rpc.telegram ...
2026-09-13 09:35:41,739 - freqtrade.exchange.exchange_ws - INFO - Cleaning up exchange WS connections.
2026-09-13 09:35:41,740 - freqtrade.exchange.exchange_ws - INFO - BTC/USDT, 1h, spot - Task finished - cancelled
2026-09-13 09:35:42,391 - freqtrade - INFO - SIGINT received, aborting ...
2026-09-13 09:35:55,220 - freqtrade.loggers - INFO - Enabling colorized output.
2026-09-13 09:35:55,221 - freqtrade.loggers - INFO - Logfile configured
2026-09-13 09:35:55,221 - freqtrade.loggers - INFO - Verbosity set to 0
2026-09-13 09:35:55,222 - freqtrade.configuration.configuration - INFO - Runmode set to dry_run.
2026-09-13 09:35:55,222 - freqtrade.configuration.configuration - INFO - Using additional Strategy lookup path: /home/runner/workspace/bot/strategies
2026-09-13 09:35:55,222 - freqtrade.configuration.configuration - INFO - Dry run is enabled
2026-09-13 09:35:55,223 - freqtrade.configuration.configuration - INFO - Using DB: "sqlite:///tradesv3.dryrun.sqlite"
2026-09-13 09:35:55,223 - freqtrade.configuration.configuration - INFO - Using max_open_trades: 1 ...
2026-09-13 09:35:55,223 - freqtrade.configuration.configuration - INFO - Using user-data directory: /home/runner/workspace/bot/user_data ...
2026-09-13 09:35:55,224 - freqtrade.configuration.configuration - INFO - Using data directory: /home/runner/workspace/bot/user_data/data/okx ...
2026-09-13 09:35:55,225 - freqtrade.exchange.check_exchange - INFO - Checking exchange...
2026-09-13 09:35:55,231 - freqtrade.exchange.check_exchange - INFO - Exchange "okx" is officially supported by the Freqtrade development team.
2026-09-13 09:35:55,232 - freqtrade.configuration.configuration - INFO - Using pairlist from configuration.
2026-09-13 09:35:55,232 - freqtrade.exchange.exchange - INFO - Instance is running with dry_run enabled
2026-09-13 09:35:55,233 - freqtrade.exchange.exchange - INFO - Using CCXT 4.5.78
2026-09-13 09:35:55,233 - freqtrade.exchange.exchange - INFO - Applying additional ccxt config: {'options': {'defaultType': 'spot'}}
2026-09-13 09:35:55,239 - freqtrade.exchange.exchange - INFO - Applying additional ccxt config: {'options': {'defaultType': 'spot'}}
2026-09-13 09:35:55,246 - freqtrade.exchange.exchange - INFO - Applying additional ccxt config: {'options': {'defaultType': 'spot'}}
2026-09-13 09:35:55,252 - freqtrade.exchange.exchange - INFO - Using Exchange "OKX"
2026-09-13 09:35:56,164 - freqtrade.resolvers.exchange_resolver - INFO - Using resolved exchange class 'Okx' ...
2026-09-13 09:35:56,166 - freqtrade.resolvers.iresolver - INFO - Using resolved strategy AIRSIAlgoStrategy from '/home/runner/workspace/bot/strategies/AIRSIAlgoStrategy.py'...
2026-09-13 09:35:56,167 - freqtrade.strategy.hyper - INFO - Found no parameter file.
2026-09-13 09:35:56,167 - freqtrade.resolvers.strategy_resolver - INFO - Override strategy 'order_types' with value from the configuration: {'entry': 'limit', 'exit': 'limit', 'emergency_exit': 'market', 'force_entry': 'market', 'force_exit': 'market', 'stoploss': 'limit', 'stoploss_on_exchange': False}.
2026-09-13 09:35:56,168 - freqtrade.resolvers.strategy_resolver - INFO - Override strategy 'stake_currency' with value from the configuration: USDT.
2026-09-13 09:35:56,168 - freqtrade.resolvers.strategy_resolver - INFO - Override strategy 'stake_amount' with value from the configuration: 5.
2026-09-13 09:35:56,169 - freqtrade.resolvers.strategy_resolver - INFO - Override strategy 'unfilledtimeout' with value from the configuration: {'entry': 10, 'exit': 30, 'unit': 'minutes'}.
2026-09-13 09:35:56,169 - freqtrade.resolvers.strategy_resolver - INFO - Override strategy 'max_open_trades' with value from the configuration: 1.
2026-09-13 09:35:56,169 - freqtrade.resolvers.strategy_resolver - INFO - Strategy using minimal_roi: {'0': 0.02, '45': 0.01, '180': 0.005}
2026-09-13 09:35:56,170 - freqtrade.resolvers.strategy_resolver - INFO - Strategy using timeframe: 1h
2026-09-13 09:35:56,170 - freqtrade.resolvers.strategy_resolver - INFO - Strategy using stoploss: -0.02
2026-09-13 09:35:56,170 - freqtrade.resolvers.strategy_resolver - INFO - Strategy using trailing_stop: True
2026-09-13 09:35:56,171 - freqtrade.resolvers.strategy_resolver - INFO - Strategy using trailing_stop_positive: 0.008
2026-09-13 09:35:56,171 - freqtrade.resolvers.strategy_resolver - INFO - Strategy using trailing_stop_positive_offset: 0.015
2026-09-13 09:35:56,171 - freqtrade.resolvers.strategy_resolver - INFO - Strategy using trailing_only_offset_is_reached: True
2026-09-13 09:35:56,172 - freqtrade.resolvers.strategy_resolver - INFO - Strategy using use_custom_stoploss: False
2026-09-13 09:35:56,172 - freqtrade.resolvers.strategy_resolver - INFO - Strategy using process_only_new_candles: True
2026-09-13 09:35:56,173 - freqtrade.resolvers.strategy_resolver - INFO - Strategy using order_types: {'entry': 'limit', 'exit': 'limit', 'emergency_exit': 'market', 'force_entry': 'market', 'force_exit': 'market', 'stoploss': 'limit', 'stoploss_on_exchange': False}
2026-09-13 09:35:56,174 - freqtrade.resolvers.strategy_resolver - INFO - Strategy using order_time_in_force: {'entry': 'GTC', 'exit': 'GTC'}
2026-09-13 09:35:56,174 - freqtrade.resolvers.strategy_resolver - INFO - Strategy using stake_currency: USDT
2026-09-13 09:35:56,174 - freqtrade.resolvers.strategy_resolver - INFO - Strategy using stake_amount: 5
2026-09-13 09:35:56,175 - freqtrade.resolvers.strategy_resolver - INFO - Strategy using startup_candle_count: 240
2026-09-13 09:35:56,175 - freqtrade.resolvers.strategy_resolver - INFO - Strategy using unfilledtimeout: {'entry': 10, 'exit': 30, 'unit': 'minutes'}
2026-09-13 09:35:56,176 - freqtrade.resolvers.strategy_resolver - INFO - Strategy using use_exit_signal: True
2026-09-13 09:35:56,176 - freqtrade.resolvers.strategy_resolver - INFO - Strategy using exit_profit_only: False
2026-09-13 09:35:56,177 - freqtrade.resolvers.strategy_resolver - INFO - Strategy using ignore_roi_if_entry_signal: False
2026-09-13 09:35:56,178 - freqtrade.resolvers.strategy_resolver - INFO - Strategy using exit_profit_offset: 0.0
2026-09-13 09:35:56,178 - freqtrade.resolvers.strategy_resolver - INFO - Strategy using disable_dataframe_checks: False
2026-09-13 09:35:56,179 - freqtrade.resolvers.strategy_resolver - INFO - Strategy using ignore_buying_expired_candle_after: 0
2026-09-13 09:35:56,179 - freqtrade.resolvers.strategy_resolver - INFO - Strategy using position_adjustment_enable: False
2026-09-13 09:35:56,179 - freqtrade.resolvers.strategy_resolver - INFO - Strategy using max_entry_position_adjustment: -1
2026-09-13 09:35:56,180 - freqtrade.resolvers.strategy_resolver - INFO - Strategy using max_open_trades: 1
2026-09-13 09:35:56,180 - freqtrade.configuration.config_validation - INFO - Validating configuration ...
2026-09-13 09:35:56,220 - freqtrade.wallets - INFO - Wallets synced.
2026-09-13 09:36:50,250 - freqtrade.rpc.fiat_convert - ERROR - Could not load FIAT Cryptocurrency map for the following problem: {'status': {'error_code': 429, 'error_message': "You've exceeded the Rate Limit. Please visit https://www.coingecko.com/en/api/pricing to subscribe to our API plans for higher rate limits."}}
2026-09-13 09:36:50,253 - freqtrade.rpc.rpc_manager - INFO - Enabling rpc.telegram ...
2026-09-13 09:36:50,424 - freqtrade.rpc.rpc_manager - INFO - Enabling rpc.api_server
2026-09-13 09:36:50,577 - freqtrade.rpc.telegram - INFO - rpc.telegram is listening for following commands: [['status'], ['profit'], ['balance'], ['start'], ['stop'], ['forceexit', 'forcesell', 'fx'], ['forcebuy', 'forcelong'], ['forceshort'], ['reload_trade'], ['trades'], ['delete'], ['cancel_open_order', 'coo'], ['performance'], ['buys', 'entries'], ['exits', 'sells'], ['mix_tags'], ['stats'], ['daily'], ['weekly'], ['monthly'], ['count'], ['locks'], ['delete_locks', 'unlock'], ['reload_conf', 'reload_config'], ['show_conf', 'show_config'], ['pause', 'stopbuy', 'stopentry'], ['whitelist'], ['blacklist'], ['bl_delete', 'blacklist_delete'], ['logs'], ['health'], ['help'], ['version'], ['marketdir'], ['order'], ['list_custom_data'], ['tg_info'], ['profit_long'], ['profit_short']]
2026-09-13 09:36:50,668 - freqtrade.rpc.api_server.webserver - INFO - Starting HTTP Server at 0.0.0.0:8080
2026-09-13 09:36:50,669 - freqtrade.rpc.api_server.webserver - WARNING - SECURITY WARNING - Local Rest Server listening to external connections
2026-09-13 09:36:50,669 - freqtrade.rpc.api_server.webserver - WARNING - SECURITY WARNING - This is insecure please set to your loopback,e.g 127.0.0.1 in config.json
2026-09-13 09:36:50,670 - freqtrade.rpc.api_server.webserver - INFO - Starting Local Rest Server.
2026-09-13 09:36:50,683 - uvicorn.error - INFO - Started server process [11525]
2026-09-13 09:36:50,683 - uvicorn.error - INFO - Waiting for application startup.
2026-09-13 09:36:50,685 - uvicorn.error - INFO - Application startup complete.
2026-09-13 09:36:50,687 - uvicorn.error - INFO - Uvicorn running on http://0.0.0.0:8080 (Press CTRL+C to quit)
2026-09-13 09:36:50,695 - freqtrade.resolvers.iresolver - INFO - Using resolved pairlist StaticPairList from '/home/runner/workspace/venv/lib/python3.14/site-packages/freqtrade/plugins/pairlist/StaticPairList.py'...
2026-09-13 09:36:50,696 - freqtrade.freqtradebot - INFO - Starting initial pairlist refresh
2026-09-13 09:36:50,711 - freqtrade.plugins.pairlistmanager - INFO - Whitelist with 1 pairs: ['BTC/USDT']
2026-09-13 09:36:50,712 - freqtrade.freqtradebot - INFO - Initial Pairlist refresh took 0.02s
2026-09-13 09:36:50,714 - freqtrade.strategy.hyper - INFO - No params for buy found, using default values.
2026-09-13 09:36:50,714 - freqtrade.strategy.hyper - INFO - Strategy Parameter(default): bb_std = 2.0
2026-09-13 09:36:50,715 - freqtrade.strategy.hyper - INFO - Strategy Parameter(default): rsi_oversold = 34
2026-09-13 09:36:50,715 - freqtrade.strategy.hyper - INFO - No params for sell found, using default values.
2026-09-13 09:36:50,715 - freqtrade.strategy.hyper - INFO - Strategy Parameter(default): rsi_overbought = 68
2026-09-13 09:36:50,718 - freqtrade.resolvers.iresolver - INFO - Using resolved protection StoplossGuard from '/home/runner/workspace/venv/lib/python3.14/site-packages/freqtrade/plugins/protections/stoploss_guard.py'...
2026-09-13 09:36:50,721 - freqtrade.resolvers.iresolver - INFO - Using resolved protection MaxDrawdown from '/home/runner/workspace/venv/lib/python3.14/site-packages/freqtrade/plugins/protections/max_drawdown_protection.py'...
2026-09-13 09:36:50,722 - freqtrade.resolvers.iresolver - INFO - Using resolved protection CooldownPeriod from '/home/runner/workspace/venv/lib/python3.14/site-packages/freqtrade/plugins/protections/cooldown_period.py'...
2026-09-13 09:36:50,723 - freqtrade.rpc.rpc_manager - INFO - Sending rpc message: {'type': status, 'status': 'running'}
2026-09-13 09:36:50,725 - freqtrade.worker - INFO - Changing state to: RUNNING
2026-09-13 09:36:50,759 - freqtrade.rpc.rpc_manager - INFO - Sending rpc message: {'type': warning, 'status': 'Dry run is enabled. All trades are simulated.'}
2026-09-13 09:36:50,760 - freqtrade.rpc.rpc_manager - INFO - Sending rpc message: {'type': startup, 'status': "*Exchange:* `okx`\n*Stake per trade:* `5 USDT`\n*Minimum ROI:* `{'0': 0.02, '45': 0.01, '180': 0.005}`\n*Trailing Stoploss:* `-0.02`\n*Position adjustment:* `Off`\n*Timeframe:* `1h`\n*Strategy:* `AIRSIAlgoStrategy`"}
2026-09-13 09:36:50,761 - freqtrade.rpc.rpc_manager - INFO - Sending rpc message: {'type': startup, 'status': "Searching for USDT pairs to buy and sell based on [{'StaticPairList': 'StaticPairList'}]"}
2026-09-13 09:36:50,763 - freqtrade.rpc.rpc_manager - INFO - Sending rpc message: {'type': startup, 'status': 'Using Protections: \nStoplossGuard - Frequent Stoploss Guard, 3 stoplosses with profit < 0.00% within 96 candles.\nMaxDrawdown - Max drawdown protection, stop trading if drawdown is > 0.1 within 192 candles.\nCooldownPeriod - Cooldown period for 4 candles.'}
2026-09-13 09:36:51,282 - telegram.ext.Application - INFO - Application started
2026-09-13 09:36:55,767 - freqtrade.worker - INFO - Bot heartbeat. PID=11525, version='2026.7', state='RUNNING'
2026-09-13 09:37:55,771 - freqtrade.worker - INFO - Bot heartbeat. PID=11525, version='2026.7', state='RUNNING'
2026-09-13 09:38:55,775 - freqtrade.worker - INFO - Bot heartbeat. PID=11525, version='2026.7', state='RUNNING'
2026-09-13 09:39:55,778 - freqtrade.worker - INFO - Bot heartbeat. PID=11525, version='2026.7', state='RUNNING'
2026-09-13 09:40:55,783 - freqtrade.worker - INFO - Bot heartbeat. PID=11525, version='2026.7', state='RUNNING'
2026-09-13 09:41:55,791 - freqtrade.worker - INFO - Bot heartbeat. PID=11525, version='2026.7', state='RUNNING'
2026-09-13 09:42:55,795 - freqtrade.worker - INFO - Bot heartbeat. PID=11525, version='2026.7', state='RUNNING'
2026-09-13 09:43:55,798 - freqtrade.worker - INFO - Bot heartbeat. PID=11525, version='2026.7', state='RUNNING'
2026-09-13 09:44:55,801 - freqtrade.worker - INFO - Bot heartbeat. PID=11525, version='2026.7', state='RUNNING'
2026-09-13 09:45:55,804 - freqtrade.worker - INFO - Bot heartbeat. PID=11525, version='2026.7', state='RUNNING'
2026-09-13 09:46:55,807 - freqtrade.worker - INFO - Bot heartbeat. PID=11525, version='2026.7', state='RUNNING'
2026-09-13 09:47:55,811 - freqtrade.worker - INFO - Bot heartbeat. PID=11525, version='2026.7', state='RUNNING'
2026-09-13 09:48:55,815 - freqtrade.worker - INFO - Bot heartbeat. PID=11525, version='2026.7', state='RUNNING'
2026-09-13 09:49:55,818 - freqtrade.worker - INFO - Bot heartbeat. PID=11525, version='2026.7', state='RUNNING'
2026-09-13 09:50:55,822 - freqtrade.worker - INFO - Bot heartbeat. PID=11525, version='2026.7', state='RUNNING'
2026-09-13 09:51:55,825 - freqtrade.worker - INFO - Bot heartbeat. PID=11525, version='2026.7', state='RUNNING'
2026-09-13 09:52:55,830 - freqtrade.worker - INFO - Bot heartbeat. PID=11525, version='2026.7', state='RUNNING'
2026-09-13 09:53:55,834 - freqtrade.worker - INFO - Bot heartbeat. PID=11525, version='2026.7', state='RUNNING'
2026-09-13 09:54:55,844 - freqtrade.worker - INFO - Bot heartbeat. PID=11525, version='2026.7', state='RUNNING'
2026-09-13 09:55:55,847 - freqtrade.worker - INFO - Bot heartbeat. PID=11525, version='2026.7', state='RUNNING'
2026-09-13 09:56:55,850 - freqtrade.worker - INFO - Bot heartbeat. PID=11525, version='2026.7', state='RUNNING'
2026-09-13 09:57:55,854 - freqtrade.worker - INFO - Bot heartbeat. PID=11525, version='2026.7', state='RUNNING'
2026-09-13 09:58:55,857 - freqtrade.worker - INFO - Bot heartbeat. PID=11525, version='2026.7', state='RUNNING'
2026-09-13 09:59:55,864 - freqtrade.worker - INFO - Bot heartbeat. PID=11525, version='2026.7', state='RUNNING'
2026-09-13 10:00:56,002 - freqtrade.worker - INFO - Bot heartbeat. PID=11525, version='2026.7', state='RUNNING'
2026-09-13 10:01:56,005 - freqtrade.worker - INFO - Bot heartbeat. PID=11525, version='2026.7', state='RUNNING'
2026-09-13 10:02:56,008 - freqtrade.worker - INFO - Bot heartbeat. PID=11525, version='2026.7', state='RUNNING'
2026-09-13 10:03:56,013 - freqtrade.worker - INFO - Bot heartbeat. PID=11525, version='2026.7', state='RUNNING'
2026-09-13 10:04:56,017 - freqtrade.worker - INFO - Bot heartbeat. PID=11525, version='2026.7', state='RUNNING'
2026-09-13 10:05:56,019 - freqtrade.worker - INFO - Bot heartbeat. PID=11525, version='2026.7', state='RUNNING'
2026-09-13 10:06:56,023 - freqtrade.worker - INFO - Bot heartbeat. PID=11525, version='2026.7', state='RUNNING'
2026-09-13 10:07:56,027 - freqtrade.worker - INFO - Bot heartbeat. PID=11525, version='2026.7', state='RUNNING'
2026-09-13 10:08:56,032 - freqtrade.worker - INFO - Bot heartbeat. PID=11525, version='2026.7', state='RUNNING'
2026-09-13 10:09:56,037 - freqtrade.worker - INFO - Bot heartbeat. PID=11525, version='2026.7', state='RUNNING'
2026-09-13 10:10:56,040 - freqtrade.worker - INFO - Bot heartbeat. PID=11525, version='2026.7', state='RUNNING'
2026-09-13 10:11:56,043 - freqtrade.worker - INFO - Bot heartbeat. PID=11525, version='2026.7', state='RUNNING'
2026-09-13 10:12:56,046 - freqtrade.worker - INFO - Bot heartbeat. PID=11525, version='2026.7', state='RUNNING'
2026-09-13 10:13:56,051 - freqtrade.worker - INFO - Bot heartbeat. PID=11525, version='2026.7', state='RUNNING'
2026-09-13 10:14:56,056 - freqtrade.worker - INFO - Bot heartbeat. PID=11525, version='2026.7', state='RUNNING'
2026-09-13 10:15:56,059 - freqtrade.worker - INFO - Bot heartbeat. PID=11525, version='2026.7', state='RUNNING'
2026-09-13 10:16:56,064 - freqtrade.worker - INFO - Bot heartbeat. PID=11525, version='2026.7', state='RUNNING'
2026-09-13 10:17:56,069 - freqtrade.worker - INFO - Bot heartbeat. PID=11525, version='2026.7', state='RUNNING'
2026-09-13 10:18:56,072 - freqtrade.worker - INFO - Bot heartbeat. PID=11525, version='2026.7', state='RUNNING'
2026-09-13 10:19:56,076 - freqtrade.worker - INFO - Bot heartbeat. PID=11525, version='2026.7', state='RUNNING'
2026-09-13 10:20:56,079 - freqtrade.worker - INFO - Bot heartbeat. PID=11525, version='2026.7', state='RUNNING'
2026-09-13 10:21:56,083 - freqtrade.worker - INFO - Bot heartbeat. PID=11525, version='2026.7', state='RUNNING'
2026-09-13 10:22:56,086 - freqtrade.worker - INFO - Bot heartbeat. PID=11525, version='2026.7', state='RUNNING'
2026-09-13 10:23:56,091 - freqtrade.worker - INFO - Bot heartbeat. PID=11525, version='2026.7', state='RUNNING'
2026-09-13 10:24:56,094 - freqtrade.worker - INFO - Bot heartbeat. PID=11525, version='2026.7', state='RUNNING'
2026-09-13 10:25:56,097 - freqtrade.worker - INFO - Bot heartbeat. PID=11525, version='2026.7', state='RUNNING'
2026-09-13 10:26:56,102 - freqtrade.worker - INFO - Bot heartbeat. PID=11525, version='2026.7', state='RUNNING'
2026-09-13 10:27:56,105 - freqtrade.worker - INFO - Bot heartbeat. PID=11525, version='2026.7', state='RUNNING'
2026-09-13 10:28:56,108 - freqtrade.worker - INFO - Bot heartbeat. PID=11525, version='2026.7', state='RUNNING'
2026-09-13 10:29:56,111 - freqtrade.worker - INFO - Bot heartbeat. PID=11525, version='2026.7', state='RUNNING'
2026-09-13 10:30:56,115 - freqtrade.worker - INFO - Bot heartbeat. PID=11525, version='2026.7', state='RUNNING'
2026-09-13 10:31:56,119 - freqtrade.worker - INFO - Bot heartbeat. PID=11525, version='2026.7', state='RUNNING'
2026-09-13 10:32:56,122 - freqtrade.worker - INFO - Bot heartbeat. PID=11525, version='2026.7', state='RUNNING'
2026-09-13 10:33:56,125 - freqtrade.worker - INFO - Bot heartbeat. PID=11525, version='2026.7', state='RUNNING'
2026-09-13 10:34:56,133 - freqtrade.worker - INFO - Bot heartbeat. PID=11525, version='2026.7', state='RUNNING'
2026-09-13 10:35:56,136 - freqtrade.worker - INFO - Bot heartbeat. PID=11525, version='2026.7', state='RUNNING'
2026-09-13 10:36:51,152 - freqtrade.plugins.pairlistmanager - INFO - Whitelist with 1 pairs: ['BTC/USDT']
2026-09-13 10:36:56,140 - freqtrade.worker - INFO - Bot heartbeat. PID=11525, version='2026.7', state='RUNNING'
2026-09-13 10:37:56,152 - freqtrade.worker - INFO - Bot heartbeat. PID=11525, version='2026.7', state='RUNNING'
2026-09-13 10:38:56,155 - freqtrade.worker - INFO - Bot heartbeat. PID=11525, version='2026.7', state='RUNNING'
2026-09-13 10:39:56,158 - freqtrade.worker - INFO - Bot heartbeat. PID=11525, version='2026.7', state='RUNNING'
2026-09-13 10:40:56,162 - freqtrade.worker - INFO - Bot heartbeat. PID=11525, version='2026.7', state='RUNNING'
2026-09-13 10:41:56,166 - freqtrade.worker - INFO - Bot heartbeat. PID=11525, version='2026.7', state='RUNNING'
2026-09-13 10:42:56,169 - freqtrade.worker - INFO - Bot heartbeat. PID=11525, version='2026.7', state='RUNNING'
2026-09-13 10:43:56,173 - freqtrade.worker - INFO - Bot heartbeat. PID=11525, version='2026.7', state='RUNNING'
2026-09-13 10:44:56,176 - freqtrade.worker - INFO - Bot heartbeat. PID=11525, version='2026.7', state='RUNNING'
2026-09-13 10:45:53,034 - telegram.ext.Updater - ERROR - Exception happened while polling for updates.
Traceback (most recent call last):
  File "/home/runner/workspace/venv/lib/python3.14/site-packages/httpx/_transports/default.py", line 101, in map_httpcore_exceptions
    yield
  File "/home/runner/workspace/venv/lib/python3.14/site-packages/httpx/_transports/default.py", line 394, in handle_async_request
    resp = await self._pool.handle_async_request(req)
           ^^^^^^^^^^^^^^^^^^^^^^^^^^^^^^^^^^^^^^^^^^
  File "/home/runner/workspace/venv/lib/python3.14/site-packages/httpcore/_async/connection_pool.py", line 256, in handle_async_request
    raise exc from None
  File "/home/runner/workspace/venv/lib/python3.14/site-packages/httpcore/_async/connection_pool.py", line 236, in handle_async_request
    response = await connection.handle_async_request(
               ^^^^^^^^^^^^^^^^^^^^^^^^^^^^^^^^^^^^^^
        pool_request.request
        ^^^^^^^^^^^^^^^^^^^^
    )
    ^
  File "/home/runner/workspace/venv/lib/python3.14/site-packages/httpcore/_async/connection.py", line 103, in handle_async_request
    return await self._connection.handle_async_request(request)
           ^^^^^^^^^^^^^^^^^^^^^^^^^^^^^^^^^^^^^^^^^^^^^^^^^^^^
  File "/home/runner/workspace/venv/lib/python3.14/site-packages/httpcore/_async/http11.py", line 136, in handle_async_request
    raise exc
  File "/home/runner/workspace/venv/lib/python3.14/site-packages/httpcore/_async/http11.py", line 106, in handle_async_request
    ) = await self._receive_response_headers(**kwargs)
        ^^^^^^^^^^^^^^^^^^^^^^^^^^^^^^^^^^^^^^^^^^^^^^
  File "/home/runner/workspace/venv/lib/python3.14/site-packages/httpcore/_async/http11.py", line 177, in _receive_response_headers
    event = await self._receive_event(timeout=timeout)
            ^^^^^^^^^^^^^^^^^^^^^^^^^^^^^^^^^^^^^^^^^^
  File "/home/runner/workspace/venv/lib/python3.14/site-packages/httpcore/_async/http11.py", line 217, in _receive_event
    data = await self._network_stream.read(
           ^^^^^^^^^^^^^^^^^^^^^^^^^^^^^^^^
        self.READ_NUM_BYTES, timeout=timeout
        ^^^^^^^^^^^^^^^^^^^^^^^^^^^^^^^^^^^^
    )
    ^
  File "/home/runner/workspace/venv/lib/python3.14/site-packages/httpcore/_backends/anyio.py", line 32, in read
    with map_exceptions(exc_map):
         ~~~~~~~~~~~~~~^^^^^^^^^
  File "/repl/ctls/gxzhl7aaiid7zp3y47jqqiq7zg5mqpwp-python3-3.14.6/lib/python3.14/contextlib.py", line 162, in __exit__
    self.gen.throw(value)
    ~~~~~~~~~~~~~~^^^^^^^
  File "/home/runner/workspace/venv/lib/python3.14/site-packages/httpcore/_exceptions.py", line 14, in map_exceptions
    raise to_exc(exc) from exc
httpcore.ReadError

The above exception was the direct cause of the following exception:

Traceback (most recent call last):
  File "/home/runner/workspace/venv/lib/python3.14/site-packages/telegram/request/_httpxrequest.py", line 279, in do_request
    res = await self._client.request(
          ^^^^^^^^^^^^^^^^^^^^^^^^^^^
    ...<6 lines>...
    )
    ^
  File "/home/runner/workspace/venv/lib/python3.14/site-packages/httpx/_client.py", line 1540, in request
    return await self.send(request, auth=auth, follow_redirects=follow_redirects)
           ^^^^^^^^^^^^^^^^^^^^^^^^^^^^^^^^^^^^^^^^^^^^^^^^^^^^^^^^^^^^^^^^^^^^^^
  File "/home/runner/workspace/venv/lib/python3.14/site-packages/httpx/_client.py", line 1629, in send
    response = await self._send_handling_auth(
               ^^^^^^^^^^^^^^^^^^^^^^^^^^^^^^^
    ...<4 lines>...
    )
    ^
  File "/home/runner/workspace/venv/lib/python3.14/site-packages/httpx/_client.py", line 1657, in _send_handling_auth
    response = await self._send_handling_redirects(
               ^^^^^^^^^^^^^^^^^^^^^^^^^^^^^^^^^^^^
    ...<3 lines>...
    )
    ^
  File "/home/runner/workspace/venv/lib/python3.14/site-packages/httpx/_client.py", line 1694, in _send_handling_redirects
    response = await self._send_single_request(request)
               ^^^^^^^^^^^^^^^^^^^^^^^^^^^^^^^^^^^^^^^^
  File "/home/runner/workspace/venv/lib/python3.14/site-packages/httpx/_client.py", line 1730, in _send_single_request
    response = await transport.handle_async_request(request)
               ^^^^^^^^^^^^^^^^^^^^^^^^^^^^^^^^^^^^^^^^^^^^^
  File "/home/runner/workspace/venv/lib/python3.14/site-packages/httpx/_transports/default.py", line 393, in handle_async_request
    with map_httpcore_exceptions():
         ~~~~~~~~~~~~~~~~~~~~~~~^^
  File "/repl/ctls/gxzhl7aaiid7zp3y47jqqiq7zg5mqpwp-python3-3.14.6/lib/python3.14/contextlib.py", line 162, in __exit__
    self.gen.throw(value)
    ~~~~~~~~~~~~~~^^^^^^^
  File "/home/runner/workspace/venv/lib/python3.14/site-packages/httpx/_transports/default.py", line 118, in map_httpcore_exceptions
    raise mapped_exc(message) from exc
httpx.ReadError

The above exception was the direct cause of the following exception:

Traceback (most recent call last):
  File "/home/runner/workspace/venv/lib/python3.14/site-packages/telegram/ext/_utils/networkloop.py", line 161, in network_retry_loop
    await do_action()
  File "/home/runner/workspace/venv/lib/python3.14/site-packages/telegram/ext/_utils/networkloop.py", line 154, in do_action
    action_cb_task.result()
    ~~~~~~~~~~~~~~~~~~~~~^^
  File "/home/runner/workspace/venv/lib/python3.14/site-packages/telegram/ext/_updater.py", line 340, in polling_action_cb
    updates = await self.bot.get_updates(
              ^^^^^^^^^^^^^^^^^^^^^^^^^^^
    ...<3 lines>...
    )
    ^
  File "/home/runner/workspace/venv/lib/python3.14/site-packages/telegram/ext/_extbot.py", line 680, in get_updates
    updates = await super().get_updates(
              ^^^^^^^^^^^^^^^^^^^^^^^^^^
    ...<9 lines>...
    )
    ^
  File "/home/runner/workspace/venv/lib/python3.14/site-packages/telegram/_bot.py", line 4767, in get_updates
    await self._post(
    ^^^^^^^^^^^^^^^^^
    ...<7 lines>...
    ),
    ^
  File "/home/runner/workspace/venv/lib/python3.14/site-packages/telegram/_bot.py", line 712, in _post
    return await self._do_post(
           ^^^^^^^^^^^^^^^^^^^^
    ...<6 lines>...
    )
    ^
  File "/home/runner/workspace/venv/lib/python3.14/site-packages/telegram/ext/_extbot.py", line 378, in _do_post
    return await super()._do_post(
           ^^^^^^^^^^^^^^^^^^^^^^^
    ...<6 lines>...
    )
    ^
  File "/home/runner/workspace/venv/lib/python3.14/site-packages/telegram/_bot.py", line 741, in _do_post
    result = await request.post(
             ^^^^^^^^^^^^^^^^^^^
    ...<6 lines>...
    )
    ^
  File "/home/runner/workspace/venv/lib/python3.14/site-packages/telegram/request/_baserequest.py", line 198, in post
    result = await self._request_wrapper(
             ^^^^^^^^^^^^^^^^^^^^^^^^^^^^
    ...<7 lines>...
    )
    ^
  File "/home/runner/workspace/venv/lib/python3.14/site-packages/telegram/request/_baserequest.py", line 305, in _request_wrapper
    code, payload = await self.do_request(
                    ^^^^^^^^^^^^^^^^^^^^^^
    ...<7 lines>...
    )
    ^
  File "/home/runner/workspace/venv/lib/python3.14/site-packages/telegram/request/_httpxrequest.py", line 303, in do_request
    raise NetworkError(f"httpx.{err.__class__.__name__}: {err}") from err
telegram.error.NetworkError: httpx.ReadError: 
2026-09-13 10:45:56,181 - freqtrade.worker - INFO - Bot heartbeat. PID=11525, version='2026.7', state='RUNNING'
2026-09-13 10:46:56,184 - freqtrade.worker - INFO - Bot heartbeat. PID=11525, version='2026.7', state='RUNNING'
2026-09-13 10:47:56,188 - freqtrade.worker - INFO - Bot heartbeat. PID=11525, version='2026.7', state='RUNNING'
2026-09-13 10:48:56,195 - freqtrade.worker - INFO - Bot heartbeat. PID=11525, version='2026.7', state='RUNNING'
2026-09-13 10:49:56,198 - freqtrade.worker - INFO - Bot heartbeat. PID=11525, version='2026.7', state='RUNNING'
2026-09-13 10:50:56,202 - freqtrade.worker - INFO - Bot heartbeat. PID=11525, version='2026.7', state='RUNNING'
2026-09-13 10:51:56,205 - freqtrade.worker - INFO - Bot heartbeat. PID=11525, version='2026.7', state='RUNNING'
2026-09-13 10:52:56,212 - freqtrade.worker - INFO - Bot heartbeat. PID=11525, version='2026.7', state='RUNNING'
2026-09-13 10:53:56,218 - freqtrade.worker - INFO - Bot heartbeat. PID=11525, version='2026.7', state='RUNNING'
2026-09-13 10:54:56,222 - freqtrade.worker - INFO - Bot heartbeat. PID=11525, version='2026.7', state='RUNNING'
2026-09-13 10:55:56,226 - freqtrade.worker - INFO - Bot heartbeat. PID=11525, version='2026.7', state='RUNNING'
2026-09-13 10:56:56,230 - freqtrade.worker - INFO - Bot heartbeat. PID=11525, version='2026.7', state='RUNNING'
2026-09-13 10:57:56,233 - freqtrade.worker - INFO - Bot heartbeat. PID=11525, version='2026.7', state='RUNNING'
2026-09-13 10:58:56,237 - freqtrade.worker - INFO - Bot heartbeat. PID=11525, version='2026.7', state='RUNNING'
2026-09-13 10:59:56,240 - freqtrade.worker - INFO - Bot heartbeat. PID=11525, version='2026.7', state='RUNNING'
2026-09-13 11:01:01,011 - freqtrade.worker - INFO - Bot heartbeat. PID=11525, version='2026.7', state='RUNNING'
2026-09-13 11:02:01,017 - freqtrade.worker - INFO - Bot heartbeat. PID=11525, version='2026.7', state='RUNNING'
2026-09-13 11:03:01,020 - freqtrade.worker - INFO - Bot heartbeat. PID=11525, version='2026.7', state='RUNNING'
2026-09-13 11:04:01,024 - freqtrade.worker - INFO - Bot heartbeat. PID=11525, version='2026.7', state='RUNNING'
2026-09-13 11:05:01,027 - freqtrade.worker - INFO - Bot heartbeat. PID=11525, version='2026.7', state='RUNNING'
2026-09-13 11:06:01,030 - freqtrade.worker - INFO - Bot heartbeat. PID=11525, version='2026.7', state='RUNNING'
2026-09-13 11:07:01,033 - freqtrade.worker - INFO - Bot heartbeat. PID=11525, version='2026.7', state='RUNNING'
2026-09-13 11:08:01,037 - freqtrade.worker - INFO - Bot heartbeat. PID=11525, version='2026.7', state='RUNNING'
2026-09-13 11:09:01,041 - freqtrade.worker - INFO - Bot heartbeat. PID=11525, version='2026.7', state='RUNNING'
2026-09-13 11:10:01,044 - freqtrade.worker - INFO - Bot heartbeat. PID=11525, version='2026.7', state='RUNNING'
2026-09-13 11:11:01,047 - freqtrade.worker - INFO - Bot heartbeat. PID=11525, version='2026.7', state='RUNNING'
2026-09-13 11:12:01,050 - freqtrade.worker - INFO - Bot heartbeat. PID=11525, version='2026.7', state='RUNNING'
2026-09-13 11:13:01,053 - freqtrade.worker - INFO - Bot heartbeat. PID=11525, version='2026.7', state='RUNNING'
2026-09-13 11:14:01,058 - freqtrade.worker - INFO - Bot heartbeat. PID=11525, version='2026.7', state='RUNNING'
2026-09-13 11:15:01,062 - freqtrade.worker - INFO - Bot heartbeat. PID=11525, version='2026.7', state='RUNNING'
2026-09-13 11:16:01,067 - freqtrade.worker - INFO - Bot heartbeat. PID=11525, version='2026.7', state='RUNNING'
2026-09-13 11:17:01,071 - freqtrade.worker - INFO - Bot heartbeat. PID=11525, version='2026.7', state='RUNNING'
2026-09-13 11:18:01,075 - freqtrade.worker - INFO - Bot heartbeat. PID=11525, version='2026.7', state='RUNNING'
2026-09-13 11:19:01,078 - freqtrade.worker - INFO - Bot heartbeat. PID=11525, version='2026.7', state='RUNNING'
2026-09-13 11:20:01,081 - freqtrade.worker - INFO - Bot heartbeat. PID=11525, version='2026.7', state='RUNNING'
2026-09-13 11:21:01,084 - freqtrade.worker - INFO - Bot heartbeat. PID=11525, version='2026.7', state='RUNNING'
2026-09-13 11:22:01,088 - freqtrade.worker - INFO - Bot heartbeat. PID=11525, version='2026.7', state='RUNNING'
2026-09-13 11:23:01,095 - freqtrade.worker - INFO - Bot heartbeat. PID=11525, version='2026.7', state='RUNNING'
2026-09-13 11:24:01,099 - freqtrade.worker - INFO - Bot heartbeat. PID=11525, version='2026.7', state='RUNNING'
2026-09-13 11:25:01,103 - freqtrade.worker - INFO - Bot heartbeat. PID=11525, version='2026.7', state='RUNNING'
2026-09-13 11:26:01,107 - freqtrade.worker - INFO - Bot heartbeat. PID=11525, version='2026.7', state='RUNNING'
2026-09-13 11:27:01,110 - freqtrade.worker - INFO - Bot heartbeat. PID=11525, version='2026.7', state='RUNNING'
2026-09-13 11:28:01,118 - freqtrade.worker - INFO - Bot heartbeat. PID=11525, version='2026.7', state='RUNNING'
2026-09-13 11:28:46,147 - freqtrade.wallets - INFO - Wallets synced.
2026-09-13 11:29:01,121 - freqtrade.worker - INFO - Bot heartbeat. PID=11525, version='2026.7', state='RUNNING'
2026-09-13 11:30:01,125 - freqtrade.worker - INFO - Bot heartbeat. PID=11525, version='2026.7', state='RUNNING'
2026-09-13 11:31:01,131 - freqtrade.worker - INFO - Bot heartbeat. PID=11525, version='2026.7', state='RUNNING'
2026-09-13 11:32:01,140 - freqtrade.worker - INFO - Bot heartbeat. PID=11525, version='2026.7', state='RUNNING'
2026-09-13 11:33:01,144 - freqtrade.worker - INFO - Bot heartbeat. PID=11525, version='2026.7', state='RUNNING'
2026-09-13 11:33:37,844 - freqtrade.commands.trade_commands - INFO - worker found ... calling exit
2026-09-13 11:33:37,850 - freqtrade.rpc.rpc_manager - INFO - Sending rpc message: {'type': status, 'status': 'process died'}
2026-09-13 11:33:37,852 - freqtrade.freqtradebot - INFO - Cleaning up modules ...
2026-09-13 11:33:37,866 - freqtrade.rpc.rpc_manager - INFO - Cleaning up rpc modules ...
2026-09-13 11:33:37,866 - freqtrade.rpc.rpc_manager - INFO - Cleaning up rpc.apiserver ...
2026-09-13 11:33:37,867 - freqtrade.rpc.api_server.webserver - INFO - Stopping API Server
2026-09-13 11:33:37,906 - uvicorn.error - INFO - Shutting down
2026-09-13 11:33:38,007 - uvicorn.error - INFO - Waiting for application shutdown.
2026-09-13 11:33:38,011 - uvicorn.error - INFO - Application shutdown complete.
2026-09-13 11:33:38,012 - uvicorn.error - INFO - Finished server process [11525]
2026-09-13 11:33:38,013 - freqtrade.rpc.rpc_manager - INFO - Cleaning up rpc.telegram ...
2026-09-13 11:33:38,606 - telegram.ext.Application - INFO - Application is stopping. This might take a moment.
2026-09-13 11:33:38,607 - telegram.ext.Application - INFO - Application.stop() complete
2026-09-13 11:33:38,608 - freqtrade.rpc.telegram - WARNING - Telegram NetworkError: httpx.ReadError: ! Trying one more time.
2026-09-13 11:33:38,610 - freqtrade.rpc.telegram - WARNING - TelegramError: Unknown error in HTTP implementation: RuntimeError('This HTTPXRequest is not initialized!')! Giving up on that message.
2026-09-13 11:33:49,461 - freqtrade.loggers - INFO - Enabling colorized output.
2026-09-13 11:33:49,462 - freqtrade.loggers - INFO - Logfile configured
2026-09-13 11:33:49,463 - freqtrade.loggers - INFO - Verbosity set to 0
2026-09-13 11:33:49,463 - freqtrade.configuration.configuration - INFO - Runmode set to dry_run.
2026-09-13 11:33:49,464 - freqtrade.configuration.configuration - INFO - Using additional Strategy lookup path: /home/runner/workspace/bot/strategies
2026-09-13 11:33:49,464 - freqtrade.configuration.configuration - INFO - Dry run is enabled
2026-09-13 11:33:49,464 - freqtrade.configuration.configuration - INFO - Using DB: "sqlite:///tradesv3.dryrun.sqlite"
2026-09-13 11:33:49,465 - freqtrade.configuration.configuration - INFO - Using max_open_trades: 1 ...
2026-09-13 11:33:49,465 - freqtrade.configuration.configuration - INFO - Using user-data directory: /home/runner/workspace/bot/user_data ...
2026-09-13 11:33:49,466 - freqtrade.configuration.configuration - INFO - Using data directory: /home/runner/workspace/bot/user_data/data/okx ...
2026-09-13 11:33:49,469 - freqtrade.exchange.check_exchange - INFO - Checking exchange...
2026-09-13 11:33:49,476 - freqtrade.exchange.check_exchange - INFO - Exchange "okx" is officially supported by the Freqtrade development team.
2026-09-13 11:33:49,476 - freqtrade.configuration.configuration - INFO - Using pairlist from configuration.
2026-09-13 11:33:49,477 - freqtrade.exchange.exchange - INFO - Instance is running with dry_run enabled
2026-09-13 11:33:49,477 - freqtrade.exchange.exchange - INFO - Using CCXT 4.5.78
2026-09-13 11:33:49,478 - freqtrade.exchange.exchange - INFO - Applying additional ccxt config: {'options': {'defaultType': 'spot'}}
2026-09-13 11:33:49,484 - freqtrade.exchange.exchange - INFO - Applying additional ccxt config: {'options': {'defaultType': 'spot'}}
2026-09-13 11:33:49,490 - freqtrade.exchange.exchange - INFO - Applying additional ccxt config: {'options': {'defaultType': 'spot'}}
2026-09-13 11:33:49,495 - freqtrade.exchange.exchange - INFO - Using Exchange "OKX"
2026-09-13 11:33:50,454 - freqtrade.resolvers.exchange_resolver - INFO - Using resolved exchange class 'Okx' ...
2026-09-13 11:33:50,456 - freqtrade.resolvers.iresolver - INFO - Using resolved strategy AIRSIAlgoStrategy from '/home/runner/workspace/bot/strategies/AIRSIAlgoStrategy.py'...
2026-09-13 11:33:50,457 - freqtrade.strategy.hyper - INFO - Found no parameter file.
2026-09-13 11:33:50,458 - freqtrade.resolvers.strategy_resolver - INFO - Override strategy 'order_types' with value from the configuration: {'entry': 'limit', 'exit': 'limit', 'emergency_exit': 'market', 'force_entry': 'market', 'force_exit': 'market', 'stoploss': 'limit', 'stoploss_on_exchange': False}.
2026-09-13 11:33:50,458 - freqtrade.resolvers.strategy_resolver - INFO - Override strategy 'stake_currency' with value from the configuration: USDT.
2026-09-13 11:33:50,459 - freqtrade.resolvers.strategy_resolver - INFO - Override strategy 'stake_amount' with value from the configuration: 5.
2026-09-13 11:33:50,459 - freqtrade.resolvers.strategy_resolver - INFO - Override strategy 'unfilledtimeout' with value from the configuration: {'entry': 10, 'exit': 30, 'unit': 'minutes'}.
2026-09-13 11:33:50,459 - freqtrade.resolvers.strategy_resolver - INFO - Override strategy 'max_open_trades' with value from the configuration: 1.
2026-09-13 11:33:50,460 - freqtrade.resolvers.strategy_resolver - INFO - Strategy using minimal_roi: {'0': 0.02, '45': 0.01, '180': 0.005}
2026-09-13 11:33:50,460 - freqtrade.resolvers.strategy_resolver - INFO - Strategy using timeframe: 1h
2026-09-13 11:33:50,460 - freqtrade.resolvers.strategy_resolver - INFO - Strategy using stoploss: -0.02
2026-09-13 11:33:50,461 - freqtrade.resolvers.strategy_resolver - INFO - Strategy using trailing_stop: True
2026-09-13 11:33:50,461 - freqtrade.resolvers.strategy_resolver - INFO - Strategy using trailing_stop_positive: 0.008
2026-09-13 11:33:50,461 - freqtrade.resolvers.strategy_resolver - INFO - Strategy using trailing_stop_positive_offset: 0.015
2026-09-13 11:33:50,461 - freqtrade.resolvers.strategy_resolver - INFO - Strategy using trailing_only_offset_is_reached: True
2026-09-13 11:33:50,462 - freqtrade.resolvers.strategy_resolver - INFO - Strategy using use_custom_stoploss: False
2026-09-13 11:33:50,462 - freqtrade.resolvers.strategy_resolver - INFO - Strategy using process_only_new_candles: True
2026-09-13 11:33:50,463 - freqtrade.resolvers.strategy_resolver - INFO - Strategy using order_types: {'entry': 'limit', 'exit': 'limit', 'emergency_exit': 'market', 'force_entry': 'market', 'force_exit': 'market', 'stoploss': 'limit', 'stoploss_on_exchange': False}
2026-09-13 11:33:50,463 - freqtrade.resolvers.strategy_resolver - INFO - Strategy using order_time_in_force: {'entry': 'GTC', 'exit': 'GTC'}
2026-09-13 11:33:50,463 - freqtrade.resolvers.strategy_resolver - INFO - Strategy using stake_currency: USDT
2026-09-13 11:33:50,464 - freqtrade.resolvers.strategy_resolver - INFO - Strategy using stake_amount: 5
2026-09-13 11:33:50,464 - freqtrade.resolvers.strategy_resolver - INFO - Strategy using startup_candle_count: 240
2026-09-13 11:33:50,464 - freqtrade.resolvers.strategy_resolver - INFO - Strategy using unfilledtimeout: {'entry': 10, 'exit': 30, 'unit': 'minutes'}
2026-09-13 11:33:50,465 - freqtrade.resolvers.strategy_resolver - INFO - Strategy using use_exit_signal: True
2026-09-13 11:33:50,465 - freqtrade.resolvers.strategy_resolver - INFO - Strategy using exit_profit_only: False
2026-09-13 11:33:50,465 - freqtrade.resolvers.strategy_resolver - INFO - Strategy using ignore_roi_if_entry_signal: False
2026-09-13 11:33:50,466 - freqtrade.resolvers.strategy_resolver - INFO - Strategy using exit_profit_offset: 0.0
2026-09-13 11:33:50,466 - freqtrade.resolvers.strategy_resolver - INFO - Strategy using disable_dataframe_checks: False
2026-09-13 11:33:50,467 - freqtrade.resolvers.strategy_resolver - INFO - Strategy using ignore_buying_expired_candle_after: 0
2026-09-13 11:33:50,467 - freqtrade.resolvers.strategy_resolver - INFO - Strategy using position_adjustment_enable: False
2026-09-13 11:33:50,467 - freqtrade.resolvers.strategy_resolver - INFO - Strategy using max_entry_position_adjustment: -1
2026-09-13 11:33:50,468 - freqtrade.resolvers.strategy_resolver - INFO - Strategy using max_open_trades: 1
2026-09-13 11:33:50,468 - freqtrade.configuration.config_validation - INFO - Validating configuration ...
2026-09-13 11:33:50,516 - freqtrade.wallets - INFO - Wallets synced.
2026-09-13 11:33:50,594 - freqtrade.rpc.rpc_manager - INFO - Enabling rpc.telegram ...
2026-09-13 11:33:50,969 - freqtrade.rpc.rpc_manager - INFO - Enabling rpc.api_server
2026-09-13 11:33:51,114 - freqtrade.rpc.telegram - INFO - rpc.telegram is listening for following commands: [['status'], ['profit'], ['balance'], ['start'], ['stop'], ['forceexit', 'forcesell', 'fx'], ['forcebuy', 'forcelong'], ['forceshort'], ['reload_trade'], ['trades'], ['delete'], ['cancel_open_order', 'coo'], ['performance'], ['buys', 'entries'], ['exits', 'sells'], ['mix_tags'], ['stats'], ['daily'], ['weekly'], ['monthly'], ['count'], ['locks'], ['delete_locks', 'unlock'], ['reload_conf', 'reload_config'], ['show_conf', 'show_config'], ['pause', 'stopbuy', 'stopentry'], ['whitelist'], ['blacklist'], ['bl_delete', 'blacklist_delete'], ['logs'], ['health'], ['help'], ['version'], ['marketdir'], ['order'], ['list_custom_data'], ['tg_info'], ['profit_long'], ['profit_short']]
2026-09-13 11:33:51,212 - freqtrade.rpc.api_server.webserver - INFO - Starting HTTP Server at 0.0.0.0:8080
2026-09-13 11:33:51,212 - freqtrade.rpc.api_server.webserver - WARNING - SECURITY WARNING - Local Rest Server listening to external connections
2026-09-13 11:33:51,213 - freqtrade.rpc.api_server.webserver - WARNING - SECURITY WARNING - This is insecure please set to your loopback,e.g 127.0.0.1 in config.json
2026-09-13 11:33:51,213 - freqtrade.rpc.api_server.webserver - INFO - Starting Local Rest Server.
2026-09-13 11:33:51,456 - uvicorn.error - INFO - Started server process [12153]
2026-09-13 11:33:51,456 - uvicorn.error - INFO - Waiting for application startup.
2026-09-13 11:33:51,457 - uvicorn.error - INFO - Application startup complete.
2026-09-13 11:33:51,459 - uvicorn.error - INFO - Uvicorn running on http://0.0.0.0:8080 (Press CTRL+C to quit)
2026-09-13 11:33:51,475 - freqtrade.resolvers.iresolver - INFO - Using resolved pairlist StaticPairList from '/home/runner/workspace/venv/lib/python3.14/site-packages/freqtrade/plugins/pairlist/StaticPairList.py'...
2026-09-13 11:33:51,477 - freqtrade.freqtradebot - INFO - Starting initial pairlist refresh
2026-09-13 11:33:51,488 - freqtrade.plugins.pairlistmanager - INFO - Whitelist with 1 pairs: ['BTC/USDT']
2026-09-13 11:33:51,488 - freqtrade.freqtradebot - INFO - Initial Pairlist refresh took 0.01s
2026-09-13 11:33:51,489 - freqtrade.strategy.hyper - INFO - No params for buy found, using default values.
2026-09-13 11:33:51,490 - freqtrade.strategy.hyper - INFO - Strategy Parameter(default): bb_std = 2.0
2026-09-13 11:33:51,490 - freqtrade.strategy.hyper - INFO - Strategy Parameter(default): rsi_oversold = 34
2026-09-13 11:33:51,490 - freqtrade.strategy.hyper - INFO - No params for sell found, using default values.
2026-09-13 11:33:51,491 - freqtrade.strategy.hyper - INFO - Strategy Parameter(default): rsi_overbought = 68
2026-09-13 11:33:51,496 - freqtrade.resolvers.iresolver - INFO - Using resolved protection StoplossGuard from '/home/runner/workspace/venv/lib/python3.14/site-packages/freqtrade/plugins/protections/stoploss_guard.py'...
2026-09-13 11:33:51,498 - freqtrade.resolvers.iresolver - INFO - Using resolved protection MaxDrawdown from '/home/runner/workspace/venv/lib/python3.14/site-packages/freqtrade/plugins/protections/max_drawdown_protection.py'...
2026-09-13 11:33:51,499 - freqtrade.resolvers.iresolver - INFO - Using resolved protection CooldownPeriod from '/home/runner/workspace/venv/lib/python3.14/site-packages/freqtrade/plugins/protections/cooldown_period.py'...
2026-09-13 11:33:51,500 - freqtrade.rpc.rpc_manager - INFO - Sending rpc message: {'type': status, 'status': 'running'}
2026-09-13 11:33:51,500 - freqtrade.worker - INFO - Changing state to: RUNNING
2026-09-13 11:33:51,520 - freqtrade.rpc.rpc_manager - INFO - Sending rpc message: {'type': warning, 'status': 'Dry run is enabled. All trades are simulated.'}
2026-09-13 11:33:51,520 - freqtrade.rpc.rpc_manager - INFO - Sending rpc message: {'type': startup, 'status': "*Exchange:* `okx`\n*Stake per trade:* `5 USDT`\n*Minimum ROI:* `{'0': 0.02, '45': 0.01, '180': 0.005}`\n*Trailing Stoploss:* `-0.02`\n*Position adjustment:* `Off`\n*Timeframe:* `1h`\n*Strategy:* `AIRSIAlgoStrategy`"}
2026-09-13 11:33:51,521 - freqtrade.rpc.rpc_manager - INFO - Sending rpc message: {'type': startup, 'status': "Searching for USDT pairs to buy and sell based on [{'StaticPairList': 'StaticPairList'}]"}
2026-09-13 11:33:51,521 - freqtrade.rpc.rpc_manager - INFO - Sending rpc message: {'type': startup, 'status': 'Using Protections: \nStoplossGuard - Frequent Stoploss Guard, 3 stoplosses with profit < 0.00% within 96 candles.\nMaxDrawdown - Max drawdown protection, stop trading if drawdown is > 0.1 within 192 candles.\nCooldownPeriod - Cooldown period for 4 candles.'}
2026-09-13 11:33:51,838 - telegram.ext.Application - INFO - Application started
2026-09-13 11:33:51,842 - AIRSIAlgoStrategy - INFO - AI veto blocks entries: risk-off. risk=high model=Groq:openai/gpt-oss-20b reason=total crypto market capitalization is down more than 4% in 24h; BTC and total market cap have declined over the l
2026-09-13 11:33:56,527 - freqtrade.worker - INFO - Bot heartbeat. PID=12153, version='2026.7', state='RUNNING'
2026-09-13 11:34:56,539 - freqtrade.worker - INFO - Bot heartbeat. PID=12153, version='2026.7', state='RUNNING'
2026-09-13 11:35:56,543 - freqtrade.worker - INFO - Bot heartbeat. PID=12153, version='2026.7', state='RUNNING'
2026-09-13 11:36:56,547 - freqtrade.worker - INFO - Bot heartbeat. PID=12153, version='2026.7', state='RUNNING'
2026-09-13 11:37:56,552 - freqtrade.worker - INFO - Bot heartbeat. PID=12153, version='2026.7', state='RUNNING'
2026-09-13 11:38:56,555 - freqtrade.worker - INFO - Bot heartbeat. PID=12153, version='2026.7', state='RUNNING'
2026-09-13 11:39:56,558 - freqtrade.worker - INFO - Bot heartbeat. PID=12153, version='2026.7', state='RUNNING'
2026-09-13 11:40:56,561 - freqtrade.worker - INFO - Bot heartbeat. PID=12153, version='2026.7', state='RUNNING'
2026-09-13 11:41:56,566 - freqtrade.worker - INFO - Bot heartbeat. PID=12153, version='2026.7', state='RUNNING'
2026-09-13 11:42:56,570 - freqtrade.worker - INFO - Bot heartbeat. PID=12153, version='2026.7', state='RUNNING'
2026-09-13 11:43:56,573 - freqtrade.worker - INFO - Bot heartbeat. PID=12153, version='2026.7', state='RUNNING'
2026-09-13 11:44:56,577 - freqtrade.worker - INFO - Bot heartbeat. PID=12153, version='2026.7', state='RUNNING'
2026-09-13 11:45:56,580 - freqtrade.worker - INFO - Bot heartbeat. PID=12153, version='2026.7', state='RUNNING'
2026-09-13 11:46:56,583 - freqtrade.worker - INFO - Bot heartbeat. PID=12153, version='2026.7', state='RUNNING'
2026-09-13 11:47:56,588 - freqtrade.worker - INFO - Bot heartbeat. PID=12153, version='2026.7', state='RUNNING'
2026-09-13 11:48:56,594 - freqtrade.worker - INFO - Bot heartbeat. PID=12153, version='2026.7', state='RUNNING'
2026-09-13 11:49:56,597 - freqtrade.worker - INFO - Bot heartbeat. PID=12153, version='2026.7', state='RUNNING'
2026-09-13 11:50:56,600 - freqtrade.worker - INFO - Bot heartbeat. PID=12153, version='2026.7', state='RUNNING'
2026-09-13 11:51:56,603 - freqtrade.worker - INFO - Bot heartbeat. PID=12153, version='2026.7', state='RUNNING'
2026-09-13 11:52:56,608 - freqtrade.worker - INFO - Bot heartbeat. PID=12153, version='2026.7', state='RUNNING'
2026-09-13 11:53:56,612 - freqtrade.worker - INFO - Bot heartbeat. PID=12153, version='2026.7', state='RUNNING'
2026-09-13 11:54:56,615 - freqtrade.worker - INFO - Bot heartbeat. PID=12153, version='2026.7', state='RUNNING'
2026-09-13 11:55:56,619 - freqtrade.worker - INFO - Bot heartbeat. PID=12153, version='2026.7', state='RUNNING'
2026-09-13 11:56:56,622 - freqtrade.worker - INFO - Bot heartbeat. PID=12153, version='2026.7', state='RUNNING'
2026-09-13 11:57:56,627 - freqtrade.worker - INFO - Bot heartbeat. PID=12153, version='2026.7', state='RUNNING'
2026-09-13 11:58:56,630 - freqtrade.worker - INFO - Bot heartbeat. PID=12153, version='2026.7', state='RUNNING'
2026-09-13 11:59:56,633 - freqtrade.worker - INFO - Bot heartbeat. PID=12153, version='2026.7', state='RUNNING'
2026-09-13 12:00:01,200 - AIRSIAlgoStrategy - INFO - AI veto blocks entries: risk-off. risk=elevated model=Groq:openai/gpt-oss-20b reason=total crypto market capitalization is down more than 4% in 24h; Bitcoin and the overall crypto market have po
2026-09-13 12:01:01,002 - freqtrade.worker - INFO - Bot heartbeat. PID=12153, version='2026.7', state='RUNNING'
2026-09-13 12:02:01,007 - freqtrade.worker - INFO - Bot heartbeat. PID=12153, version='2026.7', state='RUNNING'
2026-09-13 12:03:01,011 - freqtrade.worker - INFO - Bot heartbeat. PID=12153, version='2026.7', state='RUNNING'
2026-09-13 12:04:01,014 - freqtrade.worker - INFO - Bot heartbeat. PID=12153, version='2026.7', state='RUNNING'
2026-09-13 12:05:01,018 - freqtrade.worker - INFO - Bot heartbeat. PID=12153, version='2026.7', state='RUNNING'
2026-09-13 12:06:01,023 - freqtrade.worker - INFO - Bot heartbeat. PID=12153, version='2026.7', state='RUNNING'
2026-09-13 12:06:29,007 - freqtrade.commands.trade_commands - INFO - worker found ... calling exit
2026-09-13 12:06:29,008 - freqtrade.rpc.rpc_manager - INFO - Sending rpc message: {'type': status, 'status': 'process died'}
2026-09-13 12:06:29,008 - freqtrade.freqtradebot - INFO - Cleaning up modules ...
2026-09-13 12:06:29,014 - freqtrade.rpc.rpc_manager - INFO - Cleaning up rpc modules ...
2026-09-13 12:06:29,014 - freqtrade.rpc.rpc_manager - INFO - Cleaning up rpc.apiserver ...
2026-09-13 12:06:29,015 - freqtrade.rpc.api_server.webserver - INFO - Stopping API Server
2026-09-13 12:06:29,073 - uvicorn.error - INFO - Shutting down
2026-09-13 12:06:29,174 - uvicorn.error - INFO - Waiting for application shutdown.
2026-09-13 12:06:29,175 - uvicorn.error - INFO - Application shutdown complete.
2026-09-13 12:06:29,176 - uvicorn.error - INFO - Finished server process [12153]
2026-09-13 12:06:29,177 - freqtrade.rpc.rpc_manager - INFO - Cleaning up rpc.telegram ...
2026-09-13 12:06:29,743 - telegram.ext.Application - INFO - Application is stopping. This might take a moment.
2026-09-13 12:06:29,744 - telegram.ext.Application - INFO - Application.stop() complete
2026-09-13 12:06:29,744 - freqtrade.rpc.telegram - WARNING - Telegram NetworkError: httpx.ReadError: ! Trying one more time.
2026-09-13 12:06:29,746 - freqtrade.rpc.telegram - WARNING - TelegramError: Unknown error in HTTP implementation: RuntimeError('This HTTPXRequest is not initialized!')! Giving up on that message.
2026-09-13 12:06:42,776 - freqtrade.loggers - INFO - Enabling colorized output.
2026-09-13 12:06:42,777 - freqtrade.loggers - INFO - Logfile configured
2026-09-13 12:06:42,777 - freqtrade.loggers - INFO - Verbosity set to 0
2026-09-13 12:06:42,778 - freqtrade.configuration.configuration - INFO - Runmode set to dry_run.
2026-09-13 12:06:42,778 - freqtrade.configuration.configuration - INFO - Using additional Strategy lookup path: /home/runner/workspace/bot/strategies
2026-09-13 12:06:42,779 - freqtrade.configuration.configuration - INFO - Dry run is enabled
2026-09-13 12:06:42,779 - freqtrade.configuration.configuration - INFO - Using DB: "sqlite:///tradesv3.dryrun.sqlite"
2026-09-13 12:06:42,779 - freqtrade.configuration.configuration - INFO - Using max_open_trades: 1 ...
2026-09-13 12:06:42,780 - freqtrade.configuration.configuration - INFO - Using user-data directory: /home/runner/workspace/bot/user_data ...
2026-09-13 12:06:42,780 - freqtrade.configuration.configuration - INFO - Using data directory: /home/runner/workspace/bot/user_data/data/okx ...
2026-09-13 12:06:42,782 - freqtrade.exchange.check_exchange - INFO - Checking exchange...
2026-09-13 12:06:42,788 - freqtrade.exchange.check_exchange - INFO - Exchange "okx" is officially supported by the Freqtrade development team.
2026-09-13 12:06:42,788 - freqtrade.configuration.configuration - INFO - Using pairlist from configuration.
2026-09-13 12:06:42,789 - freqtrade.exchange.exchange - INFO - Instance is running with dry_run enabled
2026-09-13 12:06:42,789 - freqtrade.exchange.exchange - INFO - Using CCXT 4.5.78
2026-09-13 12:06:42,790 - freqtrade.exchange.exchange - INFO - Applying additional ccxt config: {'options': {'defaultType': 'spot'}}
2026-09-13 12:06:42,795 - freqtrade.exchange.exchange - INFO - Applying additional ccxt config: {'options': {'defaultType': 'spot'}}
2026-09-13 12:06:42,801 - freqtrade.exchange.exchange - INFO - Applying additional ccxt config: {'options': {'defaultType': 'spot'}}
2026-09-13 12:06:42,807 - freqtrade.exchange.exchange - INFO - Using Exchange "OKX"
2026-09-13 12:06:43,796 - freqtrade.resolvers.exchange_resolver - INFO - Using resolved exchange class 'Okx' ...
2026-09-13 12:06:43,799 - freqtrade.resolvers.iresolver - INFO - Using resolved strategy AIRSIAlgoStrategy from '/home/runner/workspace/bot/strategies/AIRSIAlgoStrategy.py'...
2026-09-13 12:06:43,800 - freqtrade.strategy.hyper - INFO - Found no parameter file.
2026-09-13 12:06:43,800 - freqtrade.resolvers.strategy_resolver - INFO - Override strategy 'order_types' with value from the configuration: {'entry': 'limit', 'exit': 'limit', 'emergency_exit': 'market', 'force_entry': 'market', 'force_exit': 'market', 'stoploss': 'limit', 'stoploss_on_exchange': False}.
2026-09-13 12:06:43,801 - freqtrade.resolvers.strategy_resolver - INFO - Override strategy 'stake_currency' with value from the configuration: USDT.
2026-09-13 12:06:43,801 - freqtrade.resolvers.strategy_resolver - INFO - Override strategy 'stake_amount' with value from the configuration: 5.
2026-09-13 12:06:43,801 - freqtrade.resolvers.strategy_resolver - INFO - Override strategy 'unfilledtimeout' with value from the configuration: {'entry': 10, 'exit': 30, 'unit': 'minutes'}.
2026-09-13 12:06:43,802 - freqtrade.resolvers.strategy_resolver - INFO - Override strategy 'max_open_trades' with value from the configuration: 1.
2026-09-13 12:06:43,802 - freqtrade.resolvers.strategy_resolver - INFO - Strategy using minimal_roi: {'0': 0.02, '45': 0.01, '180': 0.005}
2026-09-13 12:06:43,802 - freqtrade.resolvers.strategy_resolver - INFO - Strategy using timeframe: 1h
2026-09-13 12:06:43,802 - freqtrade.resolvers.strategy_resolver - INFO - Strategy using stoploss: -0.02
2026-09-13 12:06:43,803 - freqtrade.resolvers.strategy_resolver - INFO - Strategy using trailing_stop: True
2026-09-13 12:06:43,803 - freqtrade.resolvers.strategy_resolver - INFO - Strategy using trailing_stop_positive: 0.008
2026-09-13 12:06:43,803 - freqtrade.resolvers.strategy_resolver - INFO - Strategy using trailing_stop_positive_offset: 0.015
2026-09-13 12:06:43,804 - freqtrade.resolvers.strategy_resolver - INFO - Strategy using trailing_only_offset_is_reached: True
2026-09-13 12:06:43,804 - freqtrade.resolvers.strategy_resolver - INFO - Strategy using use_custom_stoploss: False
2026-09-13 12:06:43,804 - freqtrade.resolvers.strategy_resolver - INFO - Strategy using process_only_new_candles: True
2026-09-13 12:06:43,805 - freqtrade.resolvers.strategy_resolver - INFO - Strategy using order_types: {'entry': 'limit', 'exit': 'limit', 'emergency_exit': 'market', 'force_entry': 'market', 'force_exit': 'market', 'stoploss': 'limit', 'stoploss_on_exchange': False}
2026-09-13 12:06:43,805 - freqtrade.resolvers.strategy_resolver - INFO - Strategy using order_time_in_force: {'entry': 'GTC', 'exit': 'GTC'}
2026-09-13 12:06:43,805 - freqtrade.resolvers.strategy_resolver - INFO - Strategy using stake_currency: USDT
2026-09-13 12:06:43,805 - freqtrade.resolvers.strategy_resolver - INFO - Strategy using stake_amount: 5
2026-09-13 12:06:43,806 - freqtrade.resolvers.strategy_resolver - INFO - Strategy using startup_candle_count: 240
2026-09-13 12:06:43,806 - freqtrade.resolvers.strategy_resolver - INFO - Strategy using unfilledtimeout: {'entry': 10, 'exit': 30, 'unit': 'minutes'}
2026-09-13 12:06:43,806 - freqtrade.resolvers.strategy_resolver - INFO - Strategy using use_exit_signal: True
2026-09-13 12:06:43,807 - freqtrade.resolvers.strategy_resolver - INFO - Strategy using exit_profit_only: False
2026-09-13 12:06:43,807 - freqtrade.resolvers.strategy_resolver - INFO - Strategy using ignore_roi_if_entry_signal: False
2026-09-13 12:06:43,807 - freqtrade.resolvers.strategy_resolver - INFO - Strategy using exit_profit_offset: 0.0
2026-09-13 12:06:43,807 - freqtrade.resolvers.strategy_resolver - INFO - Strategy using disable_dataframe_checks: False
2026-09-13 12:06:43,807 - freqtrade.resolvers.strategy_resolver - INFO - Strategy using ignore_buying_expired_candle_after: 0
2026-09-13 12:06:43,808 - freqtrade.resolvers.strategy_resolver - INFO - Strategy using position_adjustment_enable: False
2026-09-13 12:06:43,808 - freqtrade.resolvers.strategy_resolver - INFO - Strategy using max_entry_position_adjustment: -1
2026-09-13 12:06:43,808 - freqtrade.resolvers.strategy_resolver - INFO - Strategy using max_open_trades: 1
2026-09-13 12:06:43,808 - freqtrade.configuration.config_validation - INFO - Validating configuration ...
2026-09-13 12:06:43,942 - freqtrade.wallets - INFO - Wallets synced.
2026-09-13 12:06:44,003 - freqtrade.rpc.rpc_manager - INFO - Enabling rpc.telegram ...
2026-09-13 12:06:44,481 - freqtrade.rpc.rpc_manager - INFO - Enabling rpc.api_server
2026-09-13 12:06:44,620 - freqtrade.rpc.telegram - INFO - rpc.telegram is listening for following commands: [['status'], ['profit'], ['balance'], ['start'], ['stop'], ['forceexit', 'forcesell', 'fx'], ['forcebuy', 'forcelong'], ['forceshort'], ['reload_trade'], ['trades'], ['delete'], ['cancel_open_order', 'coo'], ['performance'], ['buys', 'entries'], ['exits', 'sells'], ['mix_tags'], ['stats'], ['daily'], ['weekly'], ['monthly'], ['count'], ['locks'], ['delete_locks', 'unlock'], ['reload_conf', 'reload_config'], ['show_conf', 'show_config'], ['pause', 'stopbuy', 'stopentry'], ['whitelist'], ['blacklist'], ['bl_delete', 'blacklist_delete'], ['logs'], ['health'], ['help'], ['version'], ['marketdir'], ['order'], ['list_custom_data'], ['tg_info'], ['profit_long'], ['profit_short']]
2026-09-13 12:06:44,723 - freqtrade.rpc.api_server.webserver - INFO - Starting HTTP Server at 0.0.0.0:8080
2026-09-13 12:06:44,724 - freqtrade.rpc.api_server.webserver - WARNING - SECURITY WARNING - Local Rest Server listening to external connections
2026-09-13 12:06:44,726 - freqtrade.rpc.api_server.webserver - WARNING - SECURITY WARNING - This is insecure please set to your loopback,e.g 127.0.0.1 in config.json
2026-09-13 12:06:44,727 - freqtrade.rpc.api_server.webserver - INFO - Starting Local Rest Server.
2026-09-13 12:06:44,852 - uvicorn.error - INFO - Started server process [13447]
2026-09-13 12:06:44,853 - uvicorn.error - INFO - Waiting for application startup.
2026-09-13 12:06:44,853 - uvicorn.error - INFO - Application startup complete.
2026-09-13 12:06:44,855 - uvicorn.error - INFO - Uvicorn running on http://0.0.0.0:8080 (Press CTRL+C to quit)
2026-09-13 12:06:44,870 - freqtrade.resolvers.iresolver - INFO - Using resolved pairlist StaticPairList from '/home/runner/workspace/venv/lib/python3.14/site-packages/freqtrade/plugins/pairlist/StaticPairList.py'...
2026-09-13 12:06:44,871 - freqtrade.freqtradebot - INFO - Starting initial pairlist refresh
2026-09-13 12:06:44,882 - freqtrade.plugins.pairlistmanager - INFO - Whitelist with 1 pairs: ['BTC/USDT']
2026-09-13 12:06:44,883 - freqtrade.freqtradebot - INFO - Initial Pairlist refresh took 0.01s
2026-09-13 12:06:44,884 - freqtrade.strategy.hyper - INFO - No params for buy found, using default values.
2026-09-13 12:06:44,884 - freqtrade.strategy.hyper - INFO - Strategy Parameter(default): bb_std = 2.0
2026-09-13 12:06:44,885 - freqtrade.strategy.hyper - INFO - Strategy Parameter(default): rsi_oversold = 34
2026-09-13 12:06:44,885 - freqtrade.strategy.hyper - INFO - No params for sell found, using default values.
2026-09-13 12:06:44,886 - freqtrade.strategy.hyper - INFO - Strategy Parameter(default): rsi_overbought = 68
2026-09-13 12:06:44,891 - freqtrade.resolvers.iresolver - INFO - Using resolved protection StoplossGuard from '/home/runner/workspace/venv/lib/python3.14/site-packages/freqtrade/plugins/protections/stoploss_guard.py'...
2026-09-13 12:06:44,893 - freqtrade.resolvers.iresolver - INFO - Using resolved protection MaxDrawdown from '/home/runner/workspace/venv/lib/python3.14/site-packages/freqtrade/plugins/protections/max_drawdown_protection.py'...
2026-09-13 12:06:44,895 - freqtrade.resolvers.iresolver - INFO - Using resolved protection CooldownPeriod from '/home/runner/workspace/venv/lib/python3.14/site-packages/freqtrade/plugins/protections/cooldown_period.py'...
2026-09-13 12:06:44,895 - freqtrade.rpc.rpc_manager - INFO - Sending rpc message: {'type': status, 'status': 'running'}
2026-09-13 12:06:44,896 - freqtrade.worker - INFO - Changing state to: RUNNING
2026-09-13 12:06:44,941 - freqtrade.rpc.rpc_manager - INFO - Sending rpc message: {'type': warning, 'status': 'Dry run is enabled. All trades are simulated.'}
2026-09-13 12:06:44,941 - freqtrade.rpc.rpc_manager - INFO - Sending rpc message: {'type': startup, 'status': "*Exchange:* `okx`\n*Stake per trade:* `5 USDT`\n*Minimum ROI:* `{'0': 0.02, '45': 0.01, '180': 0.005}`\n*Trailing Stoploss:* `-0.02`\n*Position adjustment:* `Off`\n*Timeframe:* `1h`\n*Strategy:* `AIRSIAlgoStrategy`"}
2026-09-13 12:06:44,943 - freqtrade.rpc.rpc_manager - INFO - Sending rpc message: {'type': startup, 'status': "Searching for USDT pairs to buy and sell based on [{'StaticPairList': 'StaticPairList'}]"}
2026-09-13 12:06:44,945 - freqtrade.rpc.rpc_manager - INFO - Sending rpc message: {'type': startup, 'status': 'Using Protections: \nStoplossGuard - Frequent Stoploss Guard, 3 stoplosses with profit < 0.00% within 96 candles.\nMaxDrawdown - Max drawdown protection, stop trading if drawdown is > 0.1 within 192 candles.\nCooldownPeriod - Cooldown period for 4 candles.'}
2026-09-13 12:06:45,250 - AIRSIAlgoStrategy - INFO - AI veto blocks entries: risk-off. risk=elevated model=Groq:openai/gpt-oss-20b reason=total crypto market capitalization is down more than 4% in 24h; BTC and overall market cap have declined ~5% 
2026-09-13 12:06:45,433 - telegram.ext.Application - INFO - Application started
2026-09-13 12:06:49,950 - freqtrade.worker - INFO - Bot heartbeat. PID=13447, version='2026.7', state='RUNNING'
2026-09-13 12:06:49,951 - freqtrade.rpc.rpc_manager - INFO - Sending rpc message: {'type': status, 'status': 'stopped'}
2026-09-13 12:06:49,951 - freqtrade.worker - INFO - Changing state from RUNNING to: STOPPED
2026-09-13 12:06:54,954 - freqtrade.worker - INFO - Bot heartbeat. PID=13447, version='2026.7', state='STOPPED'
2026-09-13 12:06:54,955 - freqtrade.rpc.rpc_manager - INFO - Sending rpc message: {'type': status, 'status': 'running'}
2026-09-13 12:06:54,956 - freqtrade.worker - INFO - Changing state from STOPPED to: RUNNING
2026-09-13 12:06:54,971 - freqtrade.rpc.rpc_manager - INFO - Sending rpc message: {'type': warning, 'status': 'Dry run is enabled. All trades are simulated.'}
2026-09-13 12:06:54,972 - freqtrade.rpc.rpc_manager - INFO - Sending rpc message: {'type': startup, 'status': "*Exchange:* `okx`\n*Stake per trade:* `5 USDT`\n*Minimum ROI:* `{'0': 0.02, '45': 0.01, '180': 0.005}`\n*Trailing Stoploss:* `-0.02`\n*Position adjustment:* `Off`\n*Timeframe:* `1h`\n*Strategy:* `AIRSIAlgoStrategy`"}
2026-09-13 12:06:54,976 - freqtrade.rpc.rpc_manager - INFO - Sending rpc message: {'type': startup, 'status': "Searching for USDT pairs to buy and sell based on [{'StaticPairList': 'StaticPairList'}]"}
2026-09-13 12:06:54,978 - freqtrade.rpc.rpc_manager - INFO - Sending rpc message: {'type': startup, 'status': 'Using Protections: \nStoplossGuard - Frequent Stoploss Guard, 3 stoplosses with profit < 0.00% within 96 candles.\nMaxDrawdown - Max drawdown protection, stop trading if drawdown is > 0.1 within 192 candles.\nCooldownPeriod - Cooldown period for 4 candles.'}
2026-09-13 12:06:59,979 - freqtrade.worker - INFO - Bot heartbeat. PID=13447, version='2026.7', state='RUNNING'
2026-09-13 12:07:59,983 - freqtrade.worker - INFO - Bot heartbeat. PID=13447, version='2026.7', state='RUNNING'
2026-09-13 12:08:59,988 - freqtrade.worker - INFO - Bot heartbeat. PID=13447, version='2026.7', state='RUNNING'
2026-09-13 12:09:09,021 - freqtrade.commands.trade_commands - INFO - worker found ... calling exit
2026-09-13 12:09:09,023 - freqtrade.rpc.rpc_manager - INFO - Sending rpc message: {'type': status, 'status': 'process died'}
2026-09-13 12:09:09,026 - freqtrade.freqtradebot - INFO - Cleaning up modules ...
2026-09-13 12:09:09,032 - freqtrade.rpc.rpc_manager - INFO - Cleaning up rpc modules ...
2026-09-13 12:09:09,033 - freqtrade.rpc.rpc_manager - INFO - Cleaning up rpc.apiserver ...
2026-09-13 12:09:09,033 - freqtrade.rpc.api_server.webserver - INFO - Stopping API Server
2026-09-13 12:09:09,060 - uvicorn.error - INFO - Shutting down
2026-09-13 12:09:09,161 - uvicorn.error - INFO - Waiting for application shutdown.
2026-09-13 12:09:09,162 - uvicorn.error - INFO - Application shutdown complete.
2026-09-13 12:09:09,162 - uvicorn.error - INFO - Finished server process [13447]
2026-09-13 12:09:09,163 - freqtrade.rpc.rpc_manager - INFO - Cleaning up rpc.telegram ...
2026-09-13 12:09:09,777 - telegram.ext.Application - INFO - Application is stopping. This might take a moment.
2026-09-13 12:09:09,780 - telegram.ext.Application - INFO - Application.stop() complete
2026-09-13 12:09:09,782 - freqtrade.rpc.telegram - WARNING - Telegram NetworkError: httpx.ReadError: ! Trying one more time.
2026-09-13 12:09:09,783 - freqtrade.rpc.telegram - WARNING - TelegramError: Unknown error in HTTP implementation: RuntimeError('This HTTPXRequest is not initialized!')! Giving up on that message.
2026-09-13 12:09:15,720 - freqtrade.exchange.exchange_ws - INFO - Cleaning up exchange WS connections.
2026-09-13 12:09:15,721 - freqtrade.exchange.exchange_ws - INFO - BTC/USDT, 1h, spot - Task finished - cancelled
2026-09-13 12:09:16,370 - freqtrade - INFO - SIGINT received, aborting ...
2026-09-13 12:09:54,679 - freqtrade.loggers - INFO - Enabling colorized output.
2026-09-13 12:09:54,680 - freqtrade.loggers - INFO - Logfile configured
2026-09-13 12:09:54,680 - freqtrade.loggers - INFO - Verbosity set to 0
2026-09-13 12:09:54,681 - freqtrade.configuration.configuration - INFO - Runmode set to dry_run.
2026-09-13 12:09:54,681 - freqtrade.configuration.configuration - INFO - Using additional Strategy lookup path: /home/runner/workspace/bot/strategies
2026-09-13 12:09:54,682 - freqtrade.configuration.configuration - INFO - Dry run is enabled
2026-09-13 12:09:54,682 - freqtrade.configuration.configuration - INFO - Using DB: "sqlite:///tradesv3.dryrun.sqlite"
2026-09-13 12:09:54,682 - freqtrade.configuration.configuration - INFO - Using max_open_trades: 1 ...
2026-09-13 12:09:54,683 - freqtrade.configuration.configuration - INFO - Using user-data directory: /home/runner/workspace/bot/user_data ...
2026-09-13 12:09:54,683 - freqtrade.configuration.configuration - INFO - Using data directory: /home/runner/workspace/bot/user_data/data/okx ...
2026-09-13 12:09:54,684 - freqtrade.exchange.check_exchange - INFO - Checking exchange...
2026-09-13 12:09:54,691 - freqtrade.exchange.check_exchange - INFO - Exchange "okx" is officially supported by the Freqtrade development team.
2026-09-13 12:09:54,691 - freqtrade.configuration.configuration - INFO - Using pairlist from configuration.
2026-09-13 12:09:54,692 - freqtrade.exchange.exchange - INFO - Instance is running with dry_run enabled
2026-09-13 12:09:54,694 - freqtrade.exchange.exchange - INFO - Using CCXT 4.5.78
2026-09-13 12:09:54,696 - freqtrade.exchange.exchange - INFO - Applying additional ccxt config: {'options': {'defaultType': 'spot'}}
2026-09-13 12:09:54,705 - freqtrade.exchange.exchange - INFO - Applying additional ccxt config: {'options': {'defaultType': 'spot'}}
2026-09-13 12:09:54,711 - freqtrade.exchange.exchange - INFO - Applying additional ccxt config: {'options': {'defaultType': 'spot'}}
2026-09-13 12:09:54,718 - freqtrade.exchange.exchange - INFO - Using Exchange "OKX"
2026-09-13 12:09:55,786 - freqtrade.resolvers.exchange_resolver - INFO - Using resolved exchange class 'Okx' ...
2026-09-13 12:09:55,789 - freqtrade.resolvers.iresolver - INFO - Using resolved strategy AIRSIAlgoStrategy from '/home/runner/workspace/bot/strategies/AIRSIAlgoStrategy.py'...
2026-09-13 12:09:55,790 - freqtrade.strategy.hyper - INFO - Found no parameter file.
2026-09-13 12:09:55,791 - freqtrade.resolvers.strategy_resolver - INFO - Override strategy 'order_types' with value from the configuration: {'entry': 'limit', 'exit': 'limit', 'emergency_exit': 'market', 'force_entry': 'market', 'force_exit': 'market', 'stoploss': 'limit', 'stoploss_on_exchange': False}.
2026-09-13 12:09:55,791 - freqtrade.resolvers.strategy_resolver - INFO - Override strategy 'stake_currency' with value from the configuration: USDT.
2026-09-13 12:09:55,791 - freqtrade.resolvers.strategy_resolver - INFO - Override strategy 'stake_amount' with value from the configuration: 5.
2026-09-13 12:09:55,792 - freqtrade.resolvers.strategy_resolver - INFO - Override strategy 'unfilledtimeout' with value from the configuration: {'entry': 10, 'exit': 30, 'unit': 'minutes'}.
2026-09-13 12:09:55,792 - freqtrade.resolvers.strategy_resolver - INFO - Override strategy 'max_open_trades' with value from the configuration: 1.
2026-09-13 12:09:55,792 - freqtrade.resolvers.strategy_resolver - INFO - Strategy using minimal_roi: {'0': 0.02, '45': 0.01, '180': 0.005}
2026-09-13 12:09:55,793 - freqtrade.resolvers.strategy_resolver - INFO - Strategy using timeframe: 1h
2026-09-13 12:09:55,793 - freqtrade.resolvers.strategy_resolver - INFO - Strategy using stoploss: -0.02
2026-09-13 12:09:55,793 - freqtrade.resolvers.strategy_resolver - INFO - Strategy using trailing_stop: True
2026-09-13 12:09:55,793 - freqtrade.resolvers.strategy_resolver - INFO - Strategy using trailing_stop_positive: 0.008
2026-09-13 12:09:55,794 - freqtrade.resolvers.strategy_resolver - INFO - Strategy using trailing_stop_positive_offset: 0.015
2026-09-13 12:09:55,794 - freqtrade.resolvers.strategy_resolver - INFO - Strategy using trailing_only_offset_is_reached: True
2026-09-13 12:09:55,794 - freqtrade.resolvers.strategy_resolver - INFO - Strategy using use_custom_stoploss: False
2026-09-13 12:09:55,794 - freqtrade.resolvers.strategy_resolver - INFO - Strategy using process_only_new_candles: True
2026-09-13 12:09:55,795 - freqtrade.resolvers.strategy_resolver - INFO - Strategy using order_types: {'entry': 'limit', 'exit': 'limit', 'emergency_exit': 'market', 'force_entry': 'market', 'force_exit': 'market', 'stoploss': 'limit', 'stoploss_on_exchange': False}
2026-09-13 12:09:55,795 - freqtrade.resolvers.strategy_resolver - INFO - Strategy using order_time_in_force: {'entry': 'GTC', 'exit': 'GTC'}
2026-09-13 12:09:55,795 - freqtrade.resolvers.strategy_resolver - INFO - Strategy using stake_currency: USDT
2026-09-13 12:09:55,796 - freqtrade.resolvers.strategy_resolver - INFO - Strategy using stake_amount: 5
2026-09-13 12:09:55,796 - freqtrade.resolvers.strategy_resolver - INFO - Strategy using startup_candle_count: 240
2026-09-13 12:09:55,796 - freqtrade.resolvers.strategy_resolver - INFO - Strategy using unfilledtimeout: {'entry': 10, 'exit': 30, 'unit': 'minutes'}
2026-09-13 12:09:55,796 - freqtrade.resolvers.strategy_resolver - INFO - Strategy using use_exit_signal: True
2026-09-13 12:09:55,797 - freqtrade.resolvers.strategy_resolver - INFO - Strategy using exit_profit_only: False
2026-09-13 12:09:55,797 - freqtrade.resolvers.strategy_resolver - INFO - Strategy using ignore_roi_if_entry_signal: False
2026-09-13 12:09:55,797 - freqtrade.resolvers.strategy_resolver - INFO - Strategy using exit_profit_offset: 0.0
2026-09-13 12:09:55,798 - freqtrade.resolvers.strategy_resolver - INFO - Strategy using disable_dataframe_checks: False
2026-09-13 12:09:55,798 - freqtrade.resolvers.strategy_resolver - INFO - Strategy using ignore_buying_expired_candle_after: 0
2026-09-13 12:09:55,798 - freqtrade.resolvers.strategy_resolver - INFO - Strategy using position_adjustment_enable: False
2026-09-13 12:09:55,798 - freqtrade.resolvers.strategy_resolver - INFO - Strategy using max_entry_position_adjustment: -1
2026-09-13 12:09:55,799 - freqtrade.resolvers.strategy_resolver - INFO - Strategy using max_open_trades: 1
2026-09-13 12:09:55,799 - freqtrade.configuration.config_validation - INFO - Validating configuration ...
2026-09-13 12:09:55,836 - freqtrade.wallets - INFO - Wallets synced.
2026-09-13 12:09:56,217 - freqtrade.rpc.rpc_manager - INFO - Enabling rpc.telegram ...
2026-09-13 12:09:56,389 - freqtrade.rpc.rpc_manager - INFO - Enabling rpc.api_server
2026-09-13 12:09:56,565 - freqtrade.rpc.telegram - INFO - rpc.telegram is listening for following commands: [['status'], ['profit'], ['balance'], ['start'], ['stop'], ['forceexit', 'forcesell', 'fx'], ['forcebuy', 'forcelong'], ['forceshort'], ['reload_trade'], ['trades'], ['delete'], ['cancel_open_order', 'coo'], ['performance'], ['buys', 'entries'], ['exits', 'sells'], ['mix_tags'], ['stats'], ['daily'], ['weekly'], ['monthly'], ['count'], ['locks'], ['delete_locks', 'unlock'], ['reload_conf', 'reload_config'], ['show_conf', 'show_config'], ['pause', 'stopbuy', 'stopentry'], ['whitelist'], ['blacklist'], ['bl_delete', 'blacklist_delete'], ['logs'], ['health'], ['help'], ['version'], ['marketdir'], ['order'], ['list_custom_data'], ['tg_info'], ['profit_long'], ['profit_short']]
2026-09-13 12:09:56,620 - freqtrade.rpc.api_server.webserver - INFO - Starting HTTP Server at 0.0.0.0:8080
2026-09-13 12:09:56,624 - freqtrade.rpc.api_server.webserver - WARNING - SECURITY WARNING - Local Rest Server listening to external connections
2026-09-13 12:09:56,624 - freqtrade.rpc.api_server.webserver - WARNING - SECURITY WARNING - This is insecure please set to your loopback,e.g 127.0.0.1 in config.json
2026-09-13 12:09:56,627 - freqtrade.rpc.api_server.webserver - INFO - Starting Local Rest Server.
2026-09-13 12:09:56,649 - uvicorn.error - INFO - Started server process [13621]
2026-09-13 12:09:56,649 - uvicorn.error - INFO - Waiting for application startup.
2026-09-13 12:09:56,650 - uvicorn.error - INFO - Application startup complete.
2026-09-13 12:09:56,652 - uvicorn.error - INFO - Uvicorn running on http://0.0.0.0:8080 (Press CTRL+C to quit)
2026-09-13 12:09:56,659 - freqtrade.resolvers.iresolver - INFO - Using resolved pairlist StaticPairList from '/home/runner/workspace/venv/lib/python3.14/site-packages/freqtrade/plugins/pairlist/StaticPairList.py'...
2026-09-13 12:09:56,659 - freqtrade.freqtradebot - INFO - Starting initial pairlist refresh
2026-09-13 12:09:56,670 - freqtrade.plugins.pairlistmanager - INFO - Whitelist with 1 pairs: ['BTC/USDT']
2026-09-13 12:09:56,672 - freqtrade.freqtradebot - INFO - Initial Pairlist refresh took 0.01s
2026-09-13 12:09:56,673 - freqtrade.strategy.hyper - INFO - No params for buy found, using default values.
2026-09-13 12:09:56,674 - freqtrade.strategy.hyper - INFO - Strategy Parameter(default): bb_std = 2.0
2026-09-13 12:09:56,674 - freqtrade.strategy.hyper - INFO - Strategy Parameter(default): rsi_oversold = 34
2026-09-13 12:09:56,674 - freqtrade.strategy.hyper - INFO - No params for sell found, using default values.
2026-09-13 12:09:56,675 - freqtrade.strategy.hyper - INFO - Strategy Parameter(default): rsi_overbought = 68
2026-09-13 12:09:56,676 - freqtrade.resolvers.iresolver - INFO - Using resolved protection StoplossGuard from '/home/runner/workspace/venv/lib/python3.14/site-packages/freqtrade/plugins/protections/stoploss_guard.py'...
2026-09-13 12:09:56,678 - freqtrade.resolvers.iresolver - INFO - Using resolved protection MaxDrawdown from '/home/runner/workspace/venv/lib/python3.14/site-packages/freqtrade/plugins/protections/max_drawdown_protection.py'...
2026-09-13 12:09:56,679 - freqtrade.resolvers.iresolver - INFO - Using resolved protection CooldownPeriod from '/home/runner/workspace/venv/lib/python3.14/site-packages/freqtrade/plugins/protections/cooldown_period.py'...
2026-09-13 12:09:56,679 - freqtrade.rpc.rpc_manager - INFO - Sending rpc message: {'type': status, 'status': 'running'}
2026-09-13 12:09:56,680 - freqtrade.worker - INFO - Changing state to: RUNNING
2026-09-13 12:09:56,717 - freqtrade.rpc.rpc_manager - INFO - Sending rpc message: {'type': warning, 'status': 'Dry run is enabled. All trades are simulated.'}
2026-09-13 12:09:56,717 - freqtrade.rpc.rpc_manager - INFO - Sending rpc message: {'type': startup, 'status': "*Exchange:* `okx`\n*Stake per trade:* `5 USDT`\n*Minimum ROI:* `{'0': 0.02, '45': 0.01, '180': 0.005}`\n*Trailing Stoploss:* `-0.02`\n*Position adjustment:* `Off`\n*Timeframe:* `1h`\n*Strategy:* `AIRSIAlgoStrategy`"}
2026-09-13 12:09:56,718 - freqtrade.rpc.rpc_manager - INFO - Sending rpc message: {'type': startup, 'status': "Searching for USDT pairs to buy and sell based on [{'StaticPairList': 'StaticPairList'}]"}
2026-09-13 12:09:56,720 - freqtrade.rpc.rpc_manager - INFO - Sending rpc message: {'type': startup, 'status': 'Using Protections: \nStoplossGuard - Frequent Stoploss Guard, 3 stoplosses with profit < 0.00% within 96 candles.\nMaxDrawdown - Max drawdown protection, stop trading if drawdown is > 0.1 within 192 candles.\nCooldownPeriod - Cooldown period for 4 candles.'}
2026-09-13 12:09:57,025 - AIRSIAlgoStrategy - INFO - AI veto blocks entries: risk-off. risk=elevated model=Groq:openai/gpt-oss-20b reason=total crypto market capitalization is down more than 4% in 24h; BTC down ~0.8% 24h and total market cap down 
2026-09-13 12:09:57,231 - telegram.ext.Application - INFO - Application started
2026-09-13 12:10:01,726 - freqtrade.worker - INFO - Bot heartbeat. PID=13621, version='2026.7', state='RUNNING'
2026-09-13 12:11:01,729 - freqtrade.worker - INFO - Bot heartbeat. PID=13621, version='2026.7', state='RUNNING'
2026-09-13 12:12:01,733 - freqtrade.worker - INFO - Bot heartbeat. PID=13621, version='2026.7', state='RUNNING'
2026-09-13 12:13:01,738 - freqtrade.worker - INFO - Bot heartbeat. PID=13621, version='2026.7', state='RUNNING'
2026-09-13 12:14:01,744 - freqtrade.worker - INFO - Bot heartbeat. PID=13621, version='2026.7', state='RUNNING'
2026-09-13 12:15:01,747 - freqtrade.worker - INFO - Bot heartbeat. PID=13621, version='2026.7', state='RUNNING'
2026-09-13 12:16:01,750 - freqtrade.worker - INFO - Bot heartbeat. PID=13621, version='2026.7', state='RUNNING'
2026-09-13 12:17:01,755 - freqtrade.worker - INFO - Bot heartbeat. PID=13621, version='2026.7', state='RUNNING'
2026-09-13 12:18:01,758 - freqtrade.worker - INFO - Bot heartbeat. PID=13621, version='2026.7', state='RUNNING'
2026-09-13 12:19:01,761 - freqtrade.worker - INFO - Bot heartbeat. PID=13621, version='2026.7', state='RUNNING'
2026-09-13 12:20:01,765 - freqtrade.worker - INFO - Bot heartbeat. PID=13621, version='2026.7', state='RUNNING'
2026-09-13 12:21:01,770 - freqtrade.worker - INFO - Bot heartbeat. PID=13621, version='2026.7', state='RUNNING'
2026-09-13 12:22:01,773 - freqtrade.worker - INFO - Bot heartbeat. PID=13621, version='2026.7', state='RUNNING'
2026-09-13 12:23:01,777 - freqtrade.worker - INFO - Bot heartbeat. PID=13621, version='2026.7', state='RUNNING'
2026-09-13 12:24:01,782 - freqtrade.worker - INFO - Bot heartbeat. PID=13621, version='2026.7', state='RUNNING'
2026-09-13 12:25:01,785 - freqtrade.worker - INFO - Bot heartbeat. PID=13621, version='2026.7', state='RUNNING'
2026-09-14 09:27:27,253 - freqtrade.loggers - INFO - Enabling colorized output.
2026-09-14 09:27:27,254 - freqtrade.loggers - INFO - Logfile configured
2026-09-14 09:27:27,255 - freqtrade.loggers - INFO - Verbosity set to 0
2026-09-14 09:27:27,255 - freqtrade.configuration.configuration - INFO - Runmode set to dry_run.
2026-09-14 09:27:27,256 - freqtrade.configuration.configuration - INFO - Using additional Strategy lookup path: /home/runner/workspace/bot/strategies
2026-09-14 09:27:27,256 - freqtrade.configuration.configuration - INFO - Dry run is enabled
2026-09-14 09:27:27,256 - freqtrade.configuration.configuration - INFO - Using DB: "sqlite:///tradesv3.dryrun.sqlite"
2026-09-14 09:27:27,257 - freqtrade.configuration.configuration - INFO - Using max_open_trades: 1 ...
2026-09-14 09:27:27,257 - freqtrade.configuration.configuration - INFO - Using user-data directory: /home/runner/workspace/bot/user_data ...
2026-09-14 09:27:27,258 - freqtrade.configuration.configuration - INFO - Using data directory: /home/runner/workspace/bot/user_data/data/okx ...
2026-09-14 09:27:27,259 - freqtrade.exchange.check_exchange - INFO - Checking exchange...
2026-09-14 09:27:27,266 - freqtrade.exchange.check_exchange - INFO - Exchange "okx" is officially supported by the Freqtrade development team.
2026-09-14 09:27:27,267 - freqtrade.configuration.configuration - INFO - Using pairlist from configuration.
2026-09-14 09:27:27,268 - freqtrade.exchange.exchange - INFO - Instance is running with dry_run enabled
2026-09-14 09:27:27,268 - freqtrade.exchange.exchange - INFO - Using CCXT 4.5.78
2026-09-14 09:27:27,269 - freqtrade.exchange.exchange - INFO - Applying additional ccxt config: {'options': {'defaultType': 'spot'}}
2026-09-14 09:27:27,275 - freqtrade.exchange.exchange - INFO - Applying additional ccxt config: {'options': {'defaultType': 'spot'}}
2026-09-14 09:27:27,281 - freqtrade.exchange.exchange - INFO - Applying additional ccxt config: {'options': {'defaultType': 'spot'}}
2026-09-14 09:27:27,289 - freqtrade.exchange.exchange - INFO - Using Exchange "OKX"
2026-09-14 09:27:28,244 - freqtrade.resolvers.exchange_resolver - INFO - Using resolved exchange class 'Okx' ...
2026-09-14 09:27:28,249 - freqtrade.resolvers.iresolver - INFO - Using resolved strategy AIRSIAlgoStrategy from '/home/runner/workspace/bot/strategies/AIRSIAlgoStrategy.py'...
2026-09-14 09:27:28,249 - freqtrade.strategy.hyper - INFO - Found no parameter file.
2026-09-14 09:27:28,250 - freqtrade.resolvers.strategy_resolver - INFO - Override strategy 'order_types' with value from the configuration: {'entry': 'limit', 'exit': 'limit', 'emergency_exit': 'market', 'force_entry': 'market', 'force_exit': 'market', 'stoploss': 'limit', 'stoploss_on_exchange': False}.
2026-09-14 09:27:28,251 - freqtrade.resolvers.strategy_resolver - INFO - Override strategy 'stake_currency' with value from the configuration: USDT.
2026-09-14 09:27:28,251 - freqtrade.resolvers.strategy_resolver - INFO - Override strategy 'stake_amount' with value from the configuration: 5.
2026-09-14 09:27:28,252 - freqtrade.resolvers.strategy_resolver - INFO - Override strategy 'unfilledtimeout' with value from the configuration: {'entry': 10, 'exit': 30, 'unit': 'minutes'}.
2026-09-14 09:27:28,252 - freqtrade.resolvers.strategy_resolver - INFO - Override strategy 'max_open_trades' with value from the configuration: 1.
2026-09-14 09:27:28,253 - freqtrade.resolvers.strategy_resolver - INFO - Strategy using minimal_roi: {'0': 0.02, '45': 0.01, '180': 0.005}
2026-09-14 09:27:28,253 - freqtrade.resolvers.strategy_resolver - INFO - Strategy using timeframe: 1h
2026-09-14 09:27:28,253 - freqtrade.resolvers.strategy_resolver - INFO - Strategy using stoploss: -0.02
2026-09-14 09:27:28,254 - freqtrade.resolvers.strategy_resolver - INFO - Strategy using trailing_stop: True
2026-09-14 09:27:28,254 - freqtrade.resolvers.strategy_resolver - INFO - Strategy using trailing_stop_positive: 0.008
2026-09-14 09:27:28,255 - freqtrade.resolvers.strategy_resolver - INFO - Strategy using trailing_stop_positive_offset: 0.015
2026-09-14 09:27:28,255 - freqtrade.resolvers.strategy_resolver - INFO - Strategy using trailing_only_offset_is_reached: True
2026-09-14 09:27:28,256 - freqtrade.resolvers.strategy_resolver - INFO - Strategy using use_custom_stoploss: False
2026-09-14 09:27:28,256 - freqtrade.resolvers.strategy_resolver - INFO - Strategy using process_only_new_candles: True
2026-09-14 09:27:28,256 - freqtrade.resolvers.strategy_resolver - INFO - Strategy using order_types: {'entry': 'limit', 'exit': 'limit', 'emergency_exit': 'market', 'force_entry': 'market', 'force_exit': 'market', 'stoploss': 'limit', 'stoploss_on_exchange': False}
2026-09-14 09:27:28,257 - freqtrade.resolvers.strategy_resolver - INFO - Strategy using order_time_in_force: {'entry': 'GTC', 'exit': 'GTC'}
2026-09-14 09:27:28,257 - freqtrade.resolvers.strategy_resolver - INFO - Strategy using stake_currency: USDT
2026-09-14 09:27:28,258 - freqtrade.resolvers.strategy_resolver - INFO - Strategy using stake_amount: 5
2026-09-14 09:27:28,258 - freqtrade.resolvers.strategy_resolver - INFO - Strategy using startup_candle_count: 240
2026-09-14 09:27:28,259 - freqtrade.resolvers.strategy_resolver - INFO - Strategy using unfilledtimeout: {'entry': 10, 'exit': 30, 'unit': 'minutes'}
2026-09-14 09:27:28,259 - freqtrade.resolvers.strategy_resolver - INFO - Strategy using use_exit_signal: True
2026-09-14 09:27:28,260 - freqtrade.resolvers.strategy_resolver - INFO - Strategy using exit_profit_only: False
2026-09-14 09:27:28,260 - freqtrade.resolvers.strategy_resolver - INFO - Strategy using ignore_roi_if_entry_signal: False
2026-09-14 09:27:28,261 - freqtrade.resolvers.strategy_resolver - INFO - Strategy using exit_profit_offset: 0.0
2026-09-14 09:27:28,261 - freqtrade.resolvers.strategy_resolver - INFO - Strategy using disable_dataframe_checks: False
2026-09-14 09:27:28,262 - freqtrade.resolvers.strategy_resolver - INFO - Strategy using ignore_buying_expired_candle_after: 0
2026-09-14 09:27:28,262 - freqtrade.resolvers.strategy_resolver - INFO - Strategy using position_adjustment_enable: False
2026-09-14 09:27:28,263 - freqtrade.resolvers.strategy_resolver - INFO - Strategy using max_entry_position_adjustment: -1
2026-09-14 09:27:28,263 - freqtrade.resolvers.strategy_resolver - INFO - Strategy using max_open_trades: 1
2026-09-14 09:27:28,264 - freqtrade.configuration.config_validation - INFO - Validating configuration ...
2026-09-14 09:27:28,348 - freqtrade.wallets - INFO - Wallets synced.
2026-09-14 09:27:28,408 - freqtrade.rpc.rpc_manager - INFO - Enabling rpc.telegram ...
2026-09-14 09:27:28,759 - freqtrade.rpc.rpc_manager - INFO - Enabling rpc.api_server
2026-09-14 09:27:28,935 - freqtrade.rpc.telegram - INFO - rpc.telegram is listening for following commands: [['status'], ['profit'], ['balance'], ['start'], ['stop'], ['forceexit', 'forcesell', 'fx'], ['forcebuy', 'forcelong'], ['forceshort'], ['reload_trade'], ['trades'], ['delete'], ['cancel_open_order', 'coo'], ['performance'], ['buys', 'entries'], ['exits', 'sells'], ['mix_tags'], ['stats'], ['daily'], ['weekly'], ['monthly'], ['count'], ['locks'], ['delete_locks', 'unlock'], ['reload_conf', 'reload_config'], ['show_conf', 'show_config'], ['pause', 'stopbuy', 'stopentry'], ['whitelist'], ['blacklist'], ['bl_delete', 'blacklist_delete'], ['logs'], ['health'], ['help'], ['version'], ['marketdir'], ['order'], ['list_custom_data'], ['tg_info'], ['profit_long'], ['profit_short']]
2026-09-14 09:27:29,054 - freqtrade.rpc.api_server.webserver - INFO - Starting HTTP Server at 0.0.0.0:8080
2026-09-14 09:27:29,055 - freqtrade.rpc.api_server.webserver - WARNING - SECURITY WARNING - Local Rest Server listening to external connections
2026-09-14 09:27:29,055 - freqtrade.rpc.api_server.webserver - WARNING - SECURITY WARNING - This is insecure please set to your loopback,e.g 127.0.0.1 in config.json
2026-09-14 09:27:29,056 - freqtrade.rpc.api_server.webserver - INFO - Starting Local Rest Server.
2026-09-14 09:27:29,289 - uvicorn.error - INFO - Started server process [845]
2026-09-14 09:27:29,293 - uvicorn.error - INFO - Waiting for application startup.
2026-09-14 09:27:29,293 - uvicorn.error - INFO - Application startup complete.
2026-09-14 09:27:29,296 - uvicorn.error - INFO - Uvicorn running on http://0.0.0.0:8080 (Press CTRL+C to quit)
2026-09-14 09:27:29,312 - freqtrade.resolvers.iresolver - INFO - Using resolved pairlist StaticPairList from '/home/runner/workspace/venv/lib/python3.14/site-packages/freqtrade/plugins/pairlist/StaticPairList.py'...
2026-09-14 09:27:29,313 - freqtrade.freqtradebot - INFO - Starting initial pairlist refresh
2026-09-14 09:27:29,328 - freqtrade.plugins.pairlistmanager - INFO - Whitelist with 1 pairs: ['BTC/USDT']
2026-09-14 09:27:29,329 - freqtrade.freqtradebot - INFO - Initial Pairlist refresh took 0.02s
2026-09-14 09:27:29,330 - freqtrade.strategy.hyper - INFO - No params for buy found, using default values.
2026-09-14 09:27:29,330 - freqtrade.strategy.hyper - INFO - Strategy Parameter(default): bb_std = 2.0
2026-09-14 09:27:29,331 - freqtrade.strategy.hyper - INFO - Strategy Parameter(default): rsi_oversold = 34
2026-09-14 09:27:29,331 - freqtrade.strategy.hyper - INFO - No params for sell found, using default values.
2026-09-14 09:27:29,332 - freqtrade.strategy.hyper - INFO - Strategy Parameter(default): rsi_overbought = 68
2026-09-14 09:27:29,336 - freqtrade.resolvers.iresolver - INFO - Using resolved protection StoplossGuard from '/home/runner/workspace/venv/lib/python3.14/site-packages/freqtrade/plugins/protections/stoploss_guard.py'...
2026-09-14 09:27:29,339 - freqtrade.resolvers.iresolver - INFO - Using resolved protection MaxDrawdown from '/home/runner/workspace/venv/lib/python3.14/site-packages/freqtrade/plugins/protections/max_drawdown_protection.py'...
2026-09-14 09:27:29,342 - freqtrade.resolvers.iresolver - INFO - Using resolved protection CooldownPeriod from '/home/runner/workspace/venv/lib/python3.14/site-packages/freqtrade/plugins/protections/cooldown_period.py'...
2026-09-14 09:27:29,343 - freqtrade.rpc.rpc_manager - INFO - Sending rpc message: {'type': status, 'status': 'running'}
2026-09-14 09:27:29,343 - freqtrade.worker - INFO - Changing state to: RUNNING
2026-09-14 09:27:29,370 - freqtrade.rpc.rpc_manager - INFO - Sending rpc message: {'type': warning, 'status': 'Dry run is enabled. All trades are simulated.'}
2026-09-14 09:27:29,371 - freqtrade.rpc.rpc_manager - INFO - Sending rpc message: {'type': startup, 'status': "*Exchange:* `okx`\n*Stake per trade:* `5 USDT`\n*Minimum ROI:* `{'0': 0.02, '45': 0.01, '180': 0.005}`\n*Trailing Stoploss:* `-0.02`\n*Position adjustment:* `Off`\n*Timeframe:* `1h`\n*Strategy:* `AIRSIAlgoStrategy`"}
2026-09-14 09:27:29,373 - freqtrade.rpc.rpc_manager - INFO - Sending rpc message: {'type': startup, 'status': "Searching for USDT pairs to buy and sell based on [{'StaticPairList': 'StaticPairList'}]"}
2026-09-14 09:27:29,375 - freqtrade.rpc.rpc_manager - INFO - Sending rpc message: {'type': startup, 'status': 'Using Protections: \nStoplossGuard - Frequent Stoploss Guard, 3 stoplosses with profit < 0.00% within 96 candles.\nMaxDrawdown - Max drawdown protection, stop trading if drawdown is > 0.1 within 192 candles.\nCooldownPeriod - Cooldown period for 4 candles.'}
2026-09-14 09:27:29,693 - telegram.ext.Application - INFO - Application started
2026-09-14 09:27:34,381 - freqtrade.worker - INFO - Bot heartbeat. PID=845, version='2026.7', state='RUNNING'
2026-09-14 09:28:34,386 - freqtrade.worker - INFO - Bot heartbeat. PID=845, version='2026.7', state='RUNNING'
2026-09-14 09:29:34,394 - freqtrade.worker - INFO - Bot heartbeat. PID=845, version='2026.7', state='RUNNING'
2026-09-14 09:30:34,399 - freqtrade.worker - INFO - Bot heartbeat. PID=845, version='2026.7', state='RUNNING'
2026-09-14 09:31:34,403 - freqtrade.worker - INFO - Bot heartbeat. PID=845, version='2026.7', state='RUNNING'
2026-09-14 09:32:34,408 - freqtrade.worker - INFO - Bot heartbeat. PID=845, version='2026.7', state='RUNNING'
2026-09-14 09:33:34,412 - freqtrade.worker - INFO - Bot heartbeat. PID=845, version='2026.7', state='RUNNING'
2026-09-14 09:34:34,418 - freqtrade.worker - INFO - Bot heartbeat. PID=845, version='2026.7', state='RUNNING'
2026-09-14 09:35:34,423 - freqtrade.worker - INFO - Bot heartbeat. PID=845, version='2026.7', state='RUNNING'
2026-09-14 09:36:34,428 - freqtrade.worker - INFO - Bot heartbeat. PID=845, version='2026.7', state='RUNNING'
2026-09-14 09:37:34,435 - freqtrade.worker - INFO - Bot heartbeat. PID=845, version='2026.7', state='RUNNING'
2026-09-14 09:38:34,439 - freqtrade.worker - INFO - Bot heartbeat. PID=845, version='2026.7', state='RUNNING'
2026-09-14 09:39:34,446 - freqtrade.worker - INFO - Bot heartbeat. PID=845, version='2026.7', state='RUNNING'
2026-09-14 09:40:34,450 - freqtrade.worker - INFO - Bot heartbeat. PID=845, version='2026.7', state='RUNNING'
2026-09-14 09:41:34,455 - freqtrade.worker - INFO - Bot heartbeat. PID=845, version='2026.7', state='RUNNING'
2026-09-14 09:42:34,461 - freqtrade.worker - INFO - Bot heartbeat. PID=845, version='2026.7', state='RUNNING'
2026-09-14 09:43:34,465 - freqtrade.worker - INFO - Bot heartbeat. PID=845, version='2026.7', state='RUNNING'
2026-09-14 09:44:34,469 - freqtrade.worker - INFO - Bot heartbeat. PID=845, version='2026.7', state='RUNNING'
2026-09-14 09:45:34,474 - freqtrade.worker - INFO - Bot heartbeat. PID=845, version='2026.7', state='RUNNING'
2026-09-14 09:46:34,478 - freqtrade.worker - INFO - Bot heartbeat. PID=845, version='2026.7', state='RUNNING'
2026-09-14 09:47:34,482 - freqtrade.worker - INFO - Bot heartbeat. PID=845, version='2026.7', state='RUNNING'
2026-09-14 09:48:34,488 - freqtrade.worker - INFO - Bot heartbeat. PID=845, version='2026.7', state='RUNNING'
2026-09-14 09:49:34,492 - freqtrade.worker - INFO - Bot heartbeat. PID=845, version='2026.7', state='RUNNING'
2026-09-14 09:50:34,497 - freqtrade.worker - INFO - Bot heartbeat. PID=845, version='2026.7', state='RUNNING'
2026-09-14 09:51:34,503 - freqtrade.worker - INFO - Bot heartbeat. PID=845, version='2026.7', state='RUNNING'
2026-09-14 09:52:34,506 - freqtrade.worker - INFO - Bot heartbeat. PID=845, version='2026.7', state='RUNNING'
2026-09-14 09:53:34,512 - freqtrade.worker - INFO - Bot heartbeat. PID=845, version='2026.7', state='RUNNING'
2026-09-14 09:54:34,519 - freqtrade.worker - INFO - Bot heartbeat. PID=845, version='2026.7', state='RUNNING'
2026-09-14 09:55:34,522 - freqtrade.worker - INFO - Bot heartbeat. PID=845, version='2026.7', state='RUNNING'
2026-09-14 09:56:34,526 - freqtrade.worker - INFO - Bot heartbeat. PID=845, version='2026.7', state='RUNNING'
2026-09-14 09:57:34,530 - freqtrade.worker - INFO - Bot heartbeat. PID=845, version='2026.7', state='RUNNING'
2026-09-14 09:58:34,533 - freqtrade.worker - INFO - Bot heartbeat. PID=845, version='2026.7', state='RUNNING'
2026-09-14 09:59:34,536 - freqtrade.worker - INFO - Bot heartbeat. PID=845, version='2026.7', state='RUNNING'
2026-09-14 10:00:36,001 - freqtrade.worker - INFO - Bot heartbeat. PID=845, version='2026.7', state='RUNNING'
2026-09-14 10:01:36,004 - freqtrade.worker - INFO - Bot heartbeat. PID=845, version='2026.7', state='RUNNING'
2026-09-14 10:02:36,007 - freqtrade.worker - INFO - Bot heartbeat. PID=845, version='2026.7', state='RUNNING'
2026-09-14 10:03:36,011 - freqtrade.worker - INFO - Bot heartbeat. PID=845, version='2026.7', state='RUNNING'
2026-09-14 10:04:36,016 - freqtrade.worker - INFO - Bot heartbeat. PID=845, version='2026.7', state='RUNNING'
2026-09-14 10:05:36,020 - freqtrade.worker - INFO - Bot heartbeat. PID=845, version='2026.7', state='RUNNING'
2026-09-14 10:06:36,024 - freqtrade.worker - INFO - Bot heartbeat. PID=845, version='2026.7', state='RUNNING'
2026-09-14 10:07:36,027 - freqtrade.worker - INFO - Bot heartbeat. PID=845, version='2026.7', state='RUNNING'
2026-09-14 10:08:36,031 - freqtrade.worker - INFO - Bot heartbeat. PID=845, version='2026.7', state='RUNNING'
2026-09-14 10:09:36,036 - freqtrade.worker - INFO - Bot heartbeat. PID=845, version='2026.7', state='RUNNING'
2026-09-14 10:10:36,041 - freqtrade.worker - INFO - Bot heartbeat. PID=845, version='2026.7', state='RUNNING'
2026-09-14 10:11:36,046 - freqtrade.worker - INFO - Bot heartbeat. PID=845, version='2026.7', state='RUNNING'
2026-09-14 10:12:36,049 - freqtrade.worker - INFO - Bot heartbeat. PID=845, version='2026.7', state='RUNNING'
2026-09-14 10:13:36,056 - freqtrade.worker - INFO - Bot heartbeat. PID=845, version='2026.7', state='RUNNING'
2026-09-14 10:14:36,060 - freqtrade.worker - INFO - Bot heartbeat. PID=845, version='2026.7', state='RUNNING'
2026-09-14 10:15:36,063 - freqtrade.worker - INFO - Bot heartbeat. PID=845, version='2026.7', state='RUNNING'
2026-09-14 10:16:36,067 - freqtrade.worker - INFO - Bot heartbeat. PID=845, version='2026.7', state='RUNNING'
2026-09-14 10:17:36,081 - freqtrade.worker - INFO - Bot heartbeat. PID=845, version='2026.7', state='RUNNING'
2026-09-14 10:18:36,084 - freqtrade.worker - INFO - Bot heartbeat. PID=845, version='2026.7', state='RUNNING'
2026-09-14 10:19:36,088 - freqtrade.worker - INFO - Bot heartbeat. PID=845, version='2026.7', state='RUNNING'
2026-09-14 10:20:36,092 - freqtrade.worker - INFO - Bot heartbeat. PID=845, version='2026.7', state='RUNNING'
2026-09-14 10:21:36,095 - freqtrade.worker - INFO - Bot heartbeat. PID=845, version='2026.7', state='RUNNING'
2026-09-14 10:22:36,098 - freqtrade.worker - INFO - Bot heartbeat. PID=845, version='2026.7', state='RUNNING'
2026-09-14 10:23:36,102 - freqtrade.worker - INFO - Bot heartbeat. PID=845, version='2026.7', state='RUNNING'
2026-09-14 10:24:36,105 - freqtrade.worker - INFO - Bot heartbeat. PID=845, version='2026.7', state='RUNNING'
2026-09-14 10:25:36,110 - freqtrade.worker - INFO - Bot heartbeat. PID=845, version='2026.7', state='RUNNING'
2026-09-14 10:26:36,114 - freqtrade.worker - INFO - Bot heartbeat. PID=845, version='2026.7', state='RUNNING'
2026-09-14 10:27:32,187 - freqtrade.plugins.pairlistmanager - INFO - Whitelist with 1 pairs: ['BTC/USDT']
2026-09-14 10:27:36,119 - freqtrade.worker - INFO - Bot heartbeat. PID=845, version='2026.7', state='RUNNING'
2026-09-14 10:28:36,123 - freqtrade.worker - INFO - Bot heartbeat. PID=845, version='2026.7', state='RUNNING'
2026-09-14 10:29:36,127 - freqtrade.worker - INFO - Bot heartbeat. PID=845, version='2026.7', state='RUNNING'
2026-09-14 10:30:36,130 - freqtrade.worker - INFO - Bot heartbeat. PID=845, version='2026.7', state='RUNNING'
2026-09-14 10:31:36,136 - freqtrade.worker - INFO - Bot heartbeat. PID=845, version='2026.7', state='RUNNING'
2026-09-14 10:32:36,141 - freqtrade.worker - INFO - Bot heartbeat. PID=845, version='2026.7', state='RUNNING'
2026-09-14 10:33:36,145 - freqtrade.worker - INFO - Bot heartbeat. PID=845, version='2026.7', state='RUNNING'
2026-09-14 10:34:36,149 - freqtrade.worker - INFO - Bot heartbeat. PID=845, version='2026.7', state='RUNNING'
2026-09-14 10:35:36,159 - freqtrade.worker - INFO - Bot heartbeat. PID=845, version='2026.7', state='RUNNING'
2026-09-14 10:36:36,166 - freqtrade.worker - INFO - Bot heartbeat. PID=845, version='2026.7', state='RUNNING'
2026-09-14 10:37:36,169 - freqtrade.worker - INFO - Bot heartbeat. PID=845, version='2026.7', state='RUNNING'
2026-09-14 10:38:36,172 - freqtrade.worker - INFO - Bot heartbeat. PID=845, version='2026.7', state='RUNNING'
2026-09-14 10:39:36,176 - freqtrade.worker - INFO - Bot heartbeat. PID=845, version='2026.7', state='RUNNING'
2026-09-14 10:40:36,182 - freqtrade.worker - INFO - Bot heartbeat. PID=845, version='2026.7', state='RUNNING'
2026-09-14 10:41:36,188 - freqtrade.worker - INFO - Bot heartbeat. PID=845, version='2026.7', state='RUNNING'
2026-09-14 10:42:36,193 - freqtrade.worker - INFO - Bot heartbeat. PID=845, version='2026.7', state='RUNNING'
2026-09-14 10:43:36,197 - freqtrade.worker - INFO - Bot heartbeat. PID=845, version='2026.7', state='RUNNING'
2026-09-14 10:44:36,203 - freqtrade.worker - INFO - Bot heartbeat. PID=845, version='2026.7', state='RUNNING'
2026-09-14 10:45:36,209 - freqtrade.worker - INFO - Bot heartbeat. PID=845, version='2026.7', state='RUNNING'
2026-09-14 10:46:36,218 - freqtrade.worker - INFO - Bot heartbeat. PID=845, version='2026.7', state='RUNNING'
2026-09-14 10:47:36,223 - freqtrade.worker - INFO - Bot heartbeat. PID=845, version='2026.7', state='RUNNING'
2026-09-14 10:48:36,228 - freqtrade.worker - INFO - Bot heartbeat. PID=845, version='2026.7', state='RUNNING'
2026-09-14 10:49:36,232 - freqtrade.worker - INFO - Bot heartbeat. PID=845, version='2026.7', state='RUNNING'
2026-09-14 10:50:36,235 - freqtrade.worker - INFO - Bot heartbeat. PID=845, version='2026.7', state='RUNNING'
2026-09-14 10:51:36,239 - freqtrade.worker - INFO - Bot heartbeat. PID=845, version='2026.7', state='RUNNING'
2026-09-14 10:52:36,243 - freqtrade.worker - INFO - Bot heartbeat. PID=845, version='2026.7', state='RUNNING'
2026-09-14 10:53:36,247 - freqtrade.worker - INFO - Bot heartbeat. PID=845, version='2026.7', state='RUNNING'
2026-09-14 10:54:36,251 - freqtrade.worker - INFO - Bot heartbeat. PID=845, version='2026.7', state='RUNNING'
2026-09-14 10:55:36,254 - freqtrade.worker - INFO - Bot heartbeat. PID=845, version='2026.7', state='RUNNING'
2026-09-14 10:56:36,257 - freqtrade.worker - INFO - Bot heartbeat. PID=845, version='2026.7', state='RUNNING'
2026-09-14 10:57:36,260 - freqtrade.worker - INFO - Bot heartbeat. PID=845, version='2026.7', state='RUNNING'
2026-09-14 10:58:36,264 - freqtrade.worker - INFO - Bot heartbeat. PID=845, version='2026.7', state='RUNNING'
2026-09-14 10:59:36,267 - freqtrade.worker - INFO - Bot heartbeat. PID=845, version='2026.7', state='RUNNING'
2026-09-14 11:00:41,001 - freqtrade.worker - INFO - Bot heartbeat. PID=845, version='2026.7', state='RUNNING'
2026-09-14 11:01:41,004 - freqtrade.worker - INFO - Bot heartbeat. PID=845, version='2026.7', state='RUNNING'
2026-09-14 11:02:41,011 - freqtrade.worker - INFO - Bot heartbeat. PID=845, version='2026.7', state='RUNNING'
2026-09-14 11:03:41,015 - freqtrade.worker - INFO - Bot heartbeat. PID=845, version='2026.7', state='RUNNING'
2026-09-14 11:04:41,019 - freqtrade.worker - INFO - Bot heartbeat. PID=845, version='2026.7', state='RUNNING'
2026-09-14 11:05:41,023 - freqtrade.worker - INFO - Bot heartbeat. PID=845, version='2026.7', state='RUNNING'
2026-09-14 11:06:41,027 - freqtrade.worker - INFO - Bot heartbeat. PID=845, version='2026.7', state='RUNNING'
2026-09-14 11:07:41,031 - freqtrade.worker - INFO - Bot heartbeat. PID=845, version='2026.7', state='RUNNING'
2026-09-14 11:08:41,034 - freqtrade.worker - INFO - Bot heartbeat. PID=845, version='2026.7', state='RUNNING'
2026-09-14 11:09:41,038 - freqtrade.worker - INFO - Bot heartbeat. PID=845, version='2026.7', state='RUNNING'
2026-09-14 11:10:41,043 - freqtrade.worker - INFO - Bot heartbeat. PID=845, version='2026.7', state='RUNNING'
2026-09-14 11:11:41,047 - freqtrade.worker - INFO - Bot heartbeat. PID=845, version='2026.7', state='RUNNING'
2026-09-14 11:12:41,051 - freqtrade.worker - INFO - Bot heartbeat. PID=845, version='2026.7', state='RUNNING'
2026-09-14 11:13:41,055 - freqtrade.worker - INFO - Bot heartbeat. PID=845, version='2026.7', state='RUNNING'
2026-09-14 11:14:41,058 - freqtrade.worker - INFO - Bot heartbeat. PID=845, version='2026.7', state='RUNNING'
2026-09-14 11:15:41,061 - freqtrade.worker - INFO - Bot heartbeat. PID=845, version='2026.7', state='RUNNING'
2026-09-14 11:16:41,066 - freqtrade.worker - INFO - Bot heartbeat. PID=845, version='2026.7', state='RUNNING'
2026-09-14 11:17:41,071 - freqtrade.worker - INFO - Bot heartbeat. PID=845, version='2026.7', state='RUNNING'
2026-09-14 11:18:41,075 - freqtrade.worker - INFO - Bot heartbeat. PID=845, version='2026.7', state='RUNNING'
2026-09-14 11:19:41,078 - freqtrade.worker - INFO - Bot heartbeat. PID=845, version='2026.7', state='RUNNING'
2026-09-14 11:20:41,082 - freqtrade.worker - INFO - Bot heartbeat. PID=845, version='2026.7', state='RUNNING'
2026-09-14 11:21:41,085 - freqtrade.worker - INFO - Bot heartbeat. PID=845, version='2026.7', state='RUNNING'
2026-09-14 11:22:41,092 - freqtrade.worker - INFO - Bot heartbeat. PID=845, version='2026.7', state='RUNNING'
2026-09-14 11:23:41,095 - freqtrade.worker - INFO - Bot heartbeat. PID=845, version='2026.7', state='RUNNING'
2026-09-14 11:24:41,103 - freqtrade.worker - INFO - Bot heartbeat. PID=845, version='2026.7', state='RUNNING'
2026-09-14 11:25:41,106 - freqtrade.worker - INFO - Bot heartbeat. PID=845, version='2026.7', state='RUNNING'
2026-09-14 11:26:41,111 - freqtrade.worker - INFO - Bot heartbeat. PID=845, version='2026.7', state='RUNNING'
2026-09-14 11:27:37,247 - freqtrade.plugins.pairlistmanager - INFO - Whitelist with 1 pairs: ['BTC/USDT']
2026-09-14 11:27:41,116 - freqtrade.worker - INFO - Bot heartbeat. PID=845, version='2026.7', state='RUNNING'
2026-09-14 11:28:41,119 - freqtrade.worker - INFO - Bot heartbeat. PID=845, version='2026.7', state='RUNNING'
2026-09-14 11:29:41,123 - freqtrade.worker - INFO - Bot heartbeat. PID=845, version='2026.7', state='RUNNING'
2026-09-14 11:30:41,127 - freqtrade.worker - INFO - Bot heartbeat. PID=845, version='2026.7', state='RUNNING'
2026-09-14 11:31:41,131 - freqtrade.worker - INFO - Bot heartbeat. PID=845, version='2026.7', state='RUNNING'
2026-09-14 11:32:41,136 - freqtrade.worker - INFO - Bot heartbeat. PID=845, version='2026.7', state='RUNNING'
2026-09-14 11:33:41,139 - freqtrade.worker - INFO - Bot heartbeat. PID=845, version='2026.7', state='RUNNING'
2026-09-14 11:34:41,144 - freqtrade.worker - INFO - Bot heartbeat. PID=845, version='2026.7', state='RUNNING'
2026-09-14 11:35:41,147 - freqtrade.worker - INFO - Bot heartbeat. PID=845, version='2026.7', state='RUNNING'
2026-09-14 11:36:41,151 - freqtrade.worker - INFO - Bot heartbeat. PID=845, version='2026.7', state='RUNNING'
2026-09-14 11:37:41,155 - freqtrade.worker - INFO - Bot heartbeat. PID=845, version='2026.7', state='RUNNING'
2026-09-14 11:38:41,158 - freqtrade.worker - INFO - Bot heartbeat. PID=845, version='2026.7', state='RUNNING'
2026-09-14 11:39:41,163 - freqtrade.worker - INFO - Bot heartbeat. PID=845, version='2026.7', state='RUNNING'
2026-09-14 11:40:41,167 - freqtrade.worker - INFO - Bot heartbeat. PID=845, version='2026.7', state='RUNNING'
2026-09-14 11:41:41,171 - freqtrade.worker - INFO - Bot heartbeat. PID=845, version='2026.7', state='RUNNING'
2026-09-14 11:42:41,175 - freqtrade.worker - INFO - Bot heartbeat. PID=845, version='2026.7', state='RUNNING'
2026-09-14 11:43:41,180 - freqtrade.worker - INFO - Bot heartbeat. PID=845, version='2026.7', state='RUNNING'
2026-09-14 11:44:41,183 - freqtrade.worker - INFO - Bot heartbeat. PID=845, version='2026.7', state='RUNNING'
2026-09-14 11:45:41,191 - freqtrade.worker - INFO - Bot heartbeat. PID=845, version='2026.7', state='RUNNING'
2026-09-14 11:46:41,195 - freqtrade.worker - INFO - Bot heartbeat. PID=845, version='2026.7', state='RUNNING'
2026-09-14 11:47:41,207 - freqtrade.worker - INFO - Bot heartbeat. PID=845, version='2026.7', state='RUNNING'
2026-09-14 11:48:41,210 - freqtrade.worker - INFO - Bot heartbeat. PID=845, version='2026.7', state='RUNNING'
2026-09-14 11:49:41,213 - freqtrade.worker - INFO - Bot heartbeat. PID=845, version='2026.7', state='RUNNING'
2026-09-14 11:50:41,216 - freqtrade.worker - INFO - Bot heartbeat. PID=845, version='2026.7', state='RUNNING'
2026-09-14 11:51:41,220 - freqtrade.worker - INFO - Bot heartbeat. PID=845, version='2026.7', state='RUNNING'
2026-09-14 11:52:41,225 - freqtrade.worker - INFO - Bot heartbeat. PID=845, version='2026.7', state='RUNNING'
2026-09-14 11:53:41,228 - freqtrade.worker - INFO - Bot heartbeat. PID=845, version='2026.7', state='RUNNING'
2026-09-14 11:54:41,231 - freqtrade.worker - INFO - Bot heartbeat. PID=845, version='2026.7', state='RUNNING'
2026-09-14 11:55:41,236 - freqtrade.worker - INFO - Bot heartbeat. PID=845, version='2026.7', state='RUNNING'
2026-09-14 11:56:41,241 - freqtrade.worker - INFO - Bot heartbeat. PID=845, version='2026.7', state='RUNNING'
2026-09-14 11:57:41,246 - freqtrade.worker - INFO - Bot heartbeat. PID=845, version='2026.7', state='RUNNING'
2026-09-14 11:58:41,251 - freqtrade.worker - INFO - Bot heartbeat. PID=845, version='2026.7', state='RUNNING'
2026-09-14 11:59:41,254 - freqtrade.worker - INFO - Bot heartbeat. PID=845, version='2026.7', state='RUNNING'
2026-09-14 12:00:46,001 - freqtrade.worker - INFO - Bot heartbeat. PID=845, version='2026.7', state='RUNNING'
2026-09-14 12:01:46,005 - freqtrade.worker - INFO - Bot heartbeat. PID=845, version='2026.7', state='RUNNING'
2026-09-14 12:02:46,010 - freqtrade.worker - INFO - Bot heartbeat. PID=845, version='2026.7', state='RUNNING'
2026-09-14 12:03:46,013 - freqtrade.worker - INFO - Bot heartbeat. PID=845, version='2026.7', state='RUNNING'
2026-09-14 12:04:46,019 - freqtrade.worker - INFO - Bot heartbeat. PID=845, version='2026.7', state='RUNNING'
2026-09-14 12:05:46,024 - freqtrade.worker - INFO - Bot heartbeat. PID=845, version='2026.7', state='RUNNING'
2026-09-14 12:06:46,027 - freqtrade.worker - INFO - Bot heartbeat. PID=845, version='2026.7', state='RUNNING'
2026-09-14 12:07:46,030 - freqtrade.worker - INFO - Bot heartbeat. PID=845, version='2026.7', state='RUNNING'
2026-09-14 12:08:46,033 - freqtrade.worker - INFO - Bot heartbeat. PID=845, version='2026.7', state='RUNNING'
2026-09-14 12:09:46,037 - freqtrade.worker - INFO - Bot heartbeat. PID=845, version='2026.7', state='RUNNING'
2026-09-14 12:10:46,041 - freqtrade.worker - INFO - Bot heartbeat. PID=845, version='2026.7', state='RUNNING'
2026-09-14 12:11:46,044 - freqtrade.worker - INFO - Bot heartbeat. PID=845, version='2026.7', state='RUNNING'
2026-09-14 12:12:46,048 - freqtrade.worker - INFO - Bot heartbeat. PID=845, version='2026.7', state='RUNNING'
2026-09-14 12:13:46,052 - freqtrade.worker - INFO - Bot heartbeat. PID=845, version='2026.7', state='RUNNING'
2026-09-14 12:14:46,057 - freqtrade.worker - INFO - Bot heartbeat. PID=845, version='2026.7', state='RUNNING'
2026-09-14 12:15:46,065 - freqtrade.worker - INFO - Bot heartbeat. PID=845, version='2026.7', state='RUNNING'
